event,value,timestamp
IBI,847,2022-10-18T18:41:33.607636
HR,70,2022-10-18T18:41:33.615314
IBI,866,2022-10-18T18:41:34.424942
HR,70,2022-10-18T18:41:34.425982
IBI,866,2022-10-18T18:41:35.628474
HR,70,2022-10-18T18:41:35.628474
IBI,852,2022-10-18T18:41:36.445513
HR,70,2022-10-18T18:41:36.451123
IBI,870,2022-10-18T18:41:37.664050
HR,70,2022-10-18T18:41:37.665073
IBI,869,2022-10-18T18:41:37.665743
HR,70,2022-10-18T18:41:37.666395
IBI,824,2022-10-18T18:41:38.475013
HR,70,2022-10-18T18:41:38.475750
IBI,815,2022-10-18T18:41:39.684837
HR,70,2022-10-18T18:41:39.690101
IBI,845,2022-10-18T18:41:41.305437
HR,70,2022-10-18T18:41:41.311145
IBI,855,2022-10-18T18:41:41.714584
HR,71,2022-10-18T18:41:41.715264
IBI,847,2022-10-18T18:41:42.524364
HR,71,2022-10-18T18:41:42.525192
IBI,894,2022-10-18T18:41:43.728040
HR,71,2022-10-18T18:41:43.740084
IBI,915,2022-10-18T18:41:44.546740
HR,70,2022-10-18T18:41:44.546740
IBI,888,2022-10-18T18:41:44.551273
HR,70,2022-10-18T18:41:44.551273
IBI,904,2022-10-18T18:41:45.750745
HR,70,2022-10-18T18:41:45.764969
IBI,884,2022-10-18T18:41:46.568613
HR,69,2022-10-18T18:41:46.575876
IBI,852,2022-10-18T18:41:47.788663
HR,69,2022-10-18T18:41:47.790693
IBI,842,2022-10-18T18:41:48.591950
HR,69,2022-10-18T18:41:48.600735
IBI,820,2022-10-18T18:41:49.395105
HR,70,2022-10-18T18:41:49.395105
IBI,809,2022-10-18T18:41:49.410713
HR,70,2022-10-18T18:41:49.410713
IBI,793,2022-10-18T18:41:50.615091
HR,70,2022-10-18T18:41:50.615091
IBI,814,2022-10-18T18:41:51.433412
HR,71,2022-10-18T18:41:51.435572
IBI,837,2022-10-18T18:41:52.637950
HR,71,2022-10-18T18:41:52.650533
IBI,834,2022-10-18T18:41:53.455729
HR,71,2022-10-18T18:41:53.460182
IBI,835,2022-10-18T18:41:54.666286
HR,71,2022-10-18T18:41:54.675277
IBI,888,2022-10-18T18:41:55.484055
HR,71,2022-10-18T18:41:55.484503
IBI,888,2022-10-18T18:41:55.484503
HR,71,2022-10-18T18:41:55.484503
IBI,862,2022-10-18T18:41:56.696627
HR,71,2022-10-18T18:41:56.699297
IBI,848,2022-10-18T18:41:57.503455
HR,71,2022-10-18T18:41:57.509985
IBI,875,2022-10-18T18:41:58.723000
HR,71,2022-10-18T18:41:58.725295
IBI,892,2022-10-18T18:41:59.533115
HR,70,2022-10-18T18:41:59.533115
IBI,873,2022-10-18T18:42:00.742438
HR,70,2022-10-18T18:42:00.750078
IBI,875,2022-10-18T18:42:01.552760
HR,70,2022-10-18T18:42:01.560759
IBI,886,2022-10-18T18:42:01.560759
HR,70,2022-10-18T18:42:01.560759
IBI,872,2022-10-18T18:42:02.771988
HR,70,2022-10-18T18:42:02.774845
IBI,862,2022-10-18T18:42:03.580678
HR,70,2022-10-18T18:42:03.585372
IBI,883,2022-10-18T18:42:05.203972
HR,70,2022-10-18T18:42:05.204973
IBI,902,2022-10-18T18:42:05.603510
HR,69,2022-10-18T18:42:05.603510
IBI,875,2022-10-18T18:42:06.406283
HR,69,2022-10-18T18:42:06.419756
IBI,866,2022-10-18T18:42:07.626422
HR,69,2022-10-18T18:42:07.636370
IBI,882,2022-10-18T18:42:08.429732
HR,69,2022-10-18T18:42:08.445119
IBI,872,2022-10-18T18:42:08.445119
HR,69,2022-10-18T18:42:08.446116
IBI,836,2022-10-18T18:42:09.649614
HR,69,2022-10-18T18:42:09.649614
IBI,849,2022-10-18T18:42:10.467994
HR,69,2022-10-18T18:42:10.469974
IBI,853,2022-10-18T18:42:11.672271
HR,69,2022-10-18T18:42:11.684983
IBI,864,2022-10-18T18:42:12.491001
HR,69,2022-10-18T18:42:12.495227
IBI,840,2022-10-18T18:42:13.695507
HR,69,2022-10-18T18:42:13.710488
IBI,869,2022-10-18T18:42:14.514132
HR,70,2022-10-18T18:42:14.520584
IBI,853,2022-10-18T18:42:14.520584
HR,70,2022-10-18T18:42:14.520584
IBI,820,2022-10-18T18:42:15.723969
HR,70,2022-10-18T18:42:15.723969
IBI,784,2022-10-18T18:42:16.542642
HR,70,2022-10-18T18:42:16.542642
IBI,785,2022-10-18T18:42:17.746365
HR,70,2022-10-18T18:42:17.746365
IBI,791,2022-10-18T18:42:18.564440
HR,72,2022-10-18T18:42:18.564440
IBI,797,2022-10-18T18:42:18.570270
HR,72,2022-10-18T18:42:18.570270
IBI,830,2022-10-18T18:42:20.188127
HR,72,2022-10-18T18:42:20.188127
IBI,841,2022-10-18T18:42:20.588761
HR,72,2022-10-18T18:42:20.594776
IBI,836,2022-10-18T18:42:21.398641
HR,72,2022-10-18T18:42:21.405358
IBI,845,2022-10-18T18:42:22.618657
HR,72,2022-10-18T18:42:22.620157
IBI,897,2022-10-18T18:42:23.428638
HR,72,2022-10-18T18:42:23.428638
IBI,891,2022-10-18T18:42:24.637884
HR,72,2022-10-18T18:42:24.645617
IBI,876,2022-10-18T18:42:25.448868
HR,71,2022-10-18T18:42:25.448868
IBI,902,2022-10-18T18:42:25.455291
HR,71,2022-10-18T18:42:25.455291
IBI,916,2022-10-18T18:42:26.670055
HR,71,2022-10-18T18:42:26.670055
IBI,883,2022-10-18T18:42:27.469381
HR,70,2022-10-18T18:42:27.479692
IBI,889,2022-10-18T18:42:28.689252
HR,70,2022-10-18T18:42:28.694954
IBI,909,2022-10-18T18:42:29.491296
HR,70,2022-10-18T18:42:29.505011
IBI,899,2022-10-18T18:42:30.711673
HR,69,2022-10-18T18:42:30.720135
IBI,860,2022-10-18T18:42:31.529773
HR,69,2022-10-18T18:42:31.529773
IBI,859,2022-10-18T18:42:32.734363
HR,69,2022-10-18T18:42:32.734363
IBI,869,2022-10-18T18:42:32.745260
HR,69,2022-10-18T18:42:32.745260
IBI,870,2022-10-18T18:42:33.553283
HR,69,2022-10-18T18:42:33.555331
IBI,872,2022-10-18T18:42:34.758054
HR,69,2022-10-18T18:42:34.769976
IBI,844,2022-10-18T18:42:35.576527
HR,69,2022-10-18T18:42:35.580531
IBI,834,2022-10-18T18:42:36.379088
HR,69,2022-10-18T18:42:36.379088
IBI,849,2022-10-18T18:42:37.604057
HR,69,2022-10-18T18:42:37.604653
IBI,855,2022-10-18T18:42:38.405847
HR,70,2022-10-18T18:42:38.405847
IBI,845,2022-10-18T18:42:38.413950
HR,70,2022-10-18T18:42:38.413950
IBI,859,2022-10-18T18:42:40.029059
HR,70,2022-10-18T18:42:40.034310
IBI,889,2022-10-18T18:42:40.438334
HR,70,2022-10-18T18:42:40.439016
IBI,881,2022-10-18T18:42:41.650369
HR,70,2022-10-18T18:42:41.653977
IBI,876,2022-10-18T18:42:42.458430
HR,70,2022-10-18T18:42:42.458430
IBI,892,2022-10-18T18:42:43.678249
HR,69,2022-10-18T18:42:43.680457
IBI,902,2022-10-18T18:42:44.488569
HR,69,2022-10-18T18:42:44.489320
IBI,904,2022-10-18T18:42:45.699509
HR,69,2022-10-18T18:42:45.704912
IBI,919,2022-10-18T18:42:46.504321
HR,69,2022-10-18T18:42:46.515177
IBI,932,2022-10-18T18:42:47.723785
HR,68,2022-10-18T18:42:47.723785
IBI,913,2022-10-18T18:42:47.730622
HR,68,2022-10-18T18:42:47.730622
IBI,890,2022-10-18T18:42:48.526917
HR,68,2022-10-18T18:42:48.540169
IBI,901,2022-10-18T18:42:49.745855
HR,68,2022-10-18T18:42:49.754760
IBI,867,2022-10-18T18:42:50.564982
HR,68,2022-10-18T18:42:50.564982
IBI,857,2022-10-18T18:42:51.774932
HR,68,2022-10-18T18:42:51.774932
IBI,865,2022-10-18T18:42:52.577611
HR,68,2022-10-18T18:42:52.590055
IBI,854,2022-10-18T18:42:54.199373
HR,68,2022-10-18T18:42:54.199373
IBI,849,2022-10-18T18:42:54.210015
HR,68,2022-10-18T18:42:54.210015
IBI,826,2022-10-18T18:42:54.600651
HR,68,2022-10-18T18:42:54.615264
IBI,826,2022-10-18T18:42:55.418509
HR,69,2022-10-18T18:42:55.418509
IBI,844,2022-10-18T18:42:56.638536
HR,69,2022-10-18T18:42:56.638536
IBI,832,2022-10-18T18:42:57.441257
HR,70,2022-10-18T18:42:57.450007
IBI,810,2022-10-18T18:42:57.450007
HR,70,2022-10-18T18:42:57.450007
IBI,808,2022-10-18T18:42:58.661358
HR,70,2022-10-18T18:42:58.665266
IBI,805,2022-10-18T18:42:59.463923
HR,70,2022-10-18T18:42:59.463923
IBI,790,2022-10-18T18:43:00.688814
HR,71,2022-10-18T18:43:00.690196
IBI,766,2022-10-18T18:43:01.498807
HR,72,2022-10-18T18:43:01.498807
IBI,753,2022-10-18T18:43:01.500477
HR,72,2022-10-18T18:43:01.500477
IBI,799,2022-10-18T18:43:02.709954
HR,73,2022-10-18T18:43:02.715369
IBI,866,2022-10-18T18:43:03.519687
HR,73,2022-10-18T18:43:03.519687
IBI,892,2022-10-18T18:43:04.739593
HR,73,2022-10-18T18:43:04.739593
IBI,907,2022-10-18T18:43:05.549098
HR,73,2022-10-18T18:43:05.549098
IBI,908,2022-10-18T18:43:06.757171
HR,72,2022-10-18T18:43:06.765152
IBI,879,2022-10-18T18:43:07.559967
HR,71,2022-10-18T18:43:07.575245
IBI,876,2022-10-18T18:43:08.779197
HR,71,2022-10-18T18:43:08.779197
IBI,882,2022-10-18T18:43:08.790086
HR,71,2022-10-18T18:43:08.790086
IBI,875,2022-10-18T18:43:09.596535
HR,70,2022-10-18T18:43:09.600263
IBI,853,2022-10-18T18:43:10.405471
HR,70,2022-10-18T18:43:10.410513
IBI,867,2022-10-18T18:43:12.428894
HR,70,2022-10-18T18:43:12.435561
IBI,882,2022-10-18T18:43:12.436662
HR,70,2022-10-18T18:43:12.436662
IBI,872,2022-10-18T18:43:13.648644
HR,70,2022-10-18T18:43:13.650435
IBI,856,2022-10-18T18:43:14.451113
HR,70,2022-10-18T18:43:14.451113
IBI,871,2022-10-18T18:43:15.670627
HR,70,2022-10-18T18:43:15.675183
IBI,868,2022-10-18T18:43:15.675183
HR,70,2022-10-18T18:43:15.675183
IBI,834,2022-10-18T18:43:16.473947
HR,70,2022-10-18T18:43:16.473947
IBI,829,2022-10-18T18:43:17.693508
HR,70,2022-10-18T18:43:17.699300
IBI,842,2022-10-18T18:43:18.496219
HR,70,2022-10-18T18:43:18.510257
IBI,835,2022-10-18T18:43:19.716101
HR,70,2022-10-18T18:43:19.725567
IBI,831,2022-10-18T18:43:20.519078
HR,71,2022-10-18T18:43:20.535990
IBI,867,2022-10-18T18:43:20.535990
HR,71,2022-10-18T18:43:20.538541
IBI,883,2022-10-18T18:43:21.745133
HR,71,2022-10-18T18:43:21.745133
IBI,879,2022-10-18T18:43:22.548418
HR,70,2022-10-18T18:43:22.559823
IBI,894,2022-10-18T18:43:23.768804
HR,70,2022-10-18T18:43:23.775184
IBI,901,2022-10-18T18:43:24.572054
HR,70,2022-10-18T18:43:24.572054
IBI,874,2022-10-18T18:43:25.394233
HR,70,2022-10-18T18:43:25.394733
IBI,868,2022-10-18T18:43:26.609325
HR,69,2022-10-18T18:43:26.609325
IBI,896,2022-10-18T18:43:27.414732
HR,69,2022-10-18T18:43:27.420350
IBI,917,2022-10-18T18:43:28.633641
HR,69,2022-10-18T18:43:28.633641
IBI,903,2022-10-18T18:43:29.443638
HR,69,2022-10-18T18:43:29.445093
IBI,911,2022-10-18T18:43:29.445093
HR,69,2022-10-18T18:43:29.446090
IBI,918,2022-10-18T18:43:30.654569
HR,68,2022-10-18T18:43:30.660448
IBI,884,2022-10-18T18:43:31.462855
HR,68,2022-10-18T18:43:31.470086
IBI,884,2022-10-18T18:43:32.681870
HR,68,2022-10-18T18:43:32.681870
IBI,899,2022-10-18T18:43:33.484380
HR,68,2022-10-18T18:43:33.495071
IBI,892,2022-10-18T18:43:34.702835
HR,68,2022-10-18T18:43:34.708750
IBI,871,2022-10-18T18:43:36.328147
HR,68,2022-10-18T18:43:36.328147
IBI,867,2022-10-18T18:43:36.728949
HR,68,2022-10-18T18:43:36.733716
IBI,881,2022-10-18T18:43:36.733716
HR,68,2022-10-18T18:43:36.733716
IBI,872,2022-10-18T18:43:37.530153
HR,68,2022-10-18T18:43:37.543603
IBI,845,2022-10-18T18:43:38.748372
HR,68,2022-10-18T18:43:38.748372
IBI,881,2022-10-18T18:43:39.565446
HR,68,2022-10-18T18:43:39.568681
IBI,855,2022-10-18T18:43:40.783717
HR,68,2022-10-18T18:43:40.784595
IBI,827,2022-10-18T18:43:41.587222
HR,68,2022-10-18T18:43:41.594898
IBI,812,2022-10-18T18:43:43.213537
HR,69,2022-10-18T18:43:43.213537
IBI,841,2022-10-18T18:43:43.214999
HR,69,2022-10-18T18:43:43.214999
IBI,861,2022-10-18T18:43:43.610615
HR,70,2022-10-18T18:43:43.619138
IBI,859,2022-10-18T18:43:44.428636
HR,70,2022-10-18T18:43:44.430909
IBI,879,2022-10-18T18:43:45.632578
HR,70,2022-10-18T18:43:45.644493
IBI,918,2022-10-18T18:43:46.451271
HR,70,2022-10-18T18:43:46.454986
IBI,895,2022-10-18T18:43:47.661943
HR,69,2022-10-18T18:43:47.670884
IBI,878,2022-10-18T18:43:48.465176
HR,69,2022-10-18T18:43:48.465176
IBI,895,2022-10-18T18:43:49.687868
HR,69,2022-10-18T18:43:49.695320
IBI,927,2022-10-18T18:43:51.716591
HR,69,2022-10-18T18:43:51.720608
IBI,908,2022-10-18T18:43:51.726329
HR,68,2022-10-18T18:43:51.726576
IBI,899,2022-10-18T18:43:51.726576
HR,68,2022-10-18T18:43:51.727013
IBI,908,2022-10-18T18:43:52.526477
HR,68,2022-10-18T18:43:52.526477
IBI,926,2022-10-18T18:43:53.737137
HR,68,2022-10-18T18:43:53.737137
IBI,900,2022-10-18T18:43:54.547174
HR,68,2022-10-18T18:43:54.555342
IBI,901,2022-10-18T18:43:55.759190
HR,67,2022-10-18T18:43:55.769932
IBI,921,2022-10-18T18:43:56.577927
HR,67,2022-10-18T18:43:56.579543
IBI,939,2022-10-18T18:43:57.380669
HR,67,2022-10-18T18:43:57.380669
IBI,913,2022-10-18T18:43:58.600695
HR,67,2022-10-18T18:43:58.600695
IBI,917,2022-10-18T18:43:59.402835
HR,67,2022-10-18T18:43:59.402835
IBI,925,2022-10-18T18:44:00.623212
HR,66,2022-10-18T18:44:00.623212
IBI,880,2022-10-18T18:44:00.630007
HR,66,2022-10-18T18:44:00.630007
IBI,855,2022-10-18T18:44:01.425654
HR,66,2022-10-18T18:44:01.439200
IBI,866,2022-10-18T18:44:02.645954
HR,67,2022-10-18T18:44:02.645954
IBI,862,2022-10-18T18:44:03.464490
HR,67,2022-10-18T18:44:03.464888
IBI,834,2022-10-18T18:44:04.669299
HR,67,2022-10-18T18:44:04.669299
IBI,820,2022-10-18T18:44:05.487448
HR,68,2022-10-18T18:44:05.487448
IBI,824,2022-10-18T18:44:05.489687
HR,68,2022-10-18T18:44:05.489687
IBI,792,2022-10-18T18:44:06.697830
HR,69,2022-10-18T18:44:06.705084
IBI,782,2022-10-18T18:44:07.500510
HR,69,2022-10-18T18:44:07.500510
IBI,775,2022-10-18T18:44:08.721233
HR,70,2022-10-18T18:44:08.721233
IBI,806,2022-10-18T18:44:09.524514
HR,71,2022-10-18T18:44:09.539749
IBI,827,2022-10-18T18:44:09.539749
HR,71,2022-10-18T18:44:09.539749
IBI,838,2022-10-18T18:44:10.744050
HR,71,2022-10-18T18:44:10.754492
IBI,881,2022-10-18T18:44:11.562313
HR,71,2022-10-18T18:44:11.562313
IBI,951,2022-10-18T18:44:12.766682
HR,71,2022-10-18T18:44:12.766682
IBI,978,2022-10-18T18:44:13.585194
HR,71,2022-10-18T18:44:13.589846
IBI,953,2022-10-18T18:44:14.397028
HR,70,2022-10-18T18:44:14.399468
IBI,960,2022-10-18T18:44:15.607087
HR,69,2022-10-18T18:44:15.607087
IBI,954,2022-10-18T18:44:16.416239
HR,68,2022-10-18T18:44:16.424819
IBI,907,2022-10-18T18:44:17.636158
HR,68,2022-10-18T18:44:17.636158
IBI,869,2022-10-18T18:44:18.446349
HR,68,2022-10-18T18:44:18.446349
IBI,879,2022-10-18T18:44:19.657067
HR,68,2022-10-18T18:44:19.665093
IBI,863,2022-10-18T18:44:20.469347
HR,68,2022-10-18T18:44:20.474822
IBI,860,2022-10-18T18:44:20.474822
HR,68,2022-10-18T18:44:20.475818
IBI,899,2022-10-18T18:44:21.688745
HR,68,2022-10-18T18:44:21.689491
IBI,930,2022-10-18T18:44:22.497016
HR,68,2022-10-18T18:44:22.499314
IBI,899,2022-10-18T18:44:23.701108
HR,68,2022-10-18T18:44:23.714181
IBI,914,2022-10-18T18:44:25.321797
HR,68,2022-10-18T18:44:25.321797
IBI,926,2022-10-18T18:44:25.738998
HR,67,2022-10-18T18:44:25.739754
IBI,895,2022-10-18T18:44:26.542243
HR,67,2022-10-18T18:44:26.542243
IBI,890,2022-10-18T18:44:27.761892
HR,67,2022-10-18T18:44:27.764229
IBI,878,2022-10-18T18:44:28.564323
HR,67,2022-10-18T18:44:28.574128
IBI,851,2022-10-18T18:44:28.574128
HR,67,2022-10-18T18:44:28.575124
IBI,824,2022-10-18T18:44:29.784285
HR,67,2022-10-18T18:44:29.784285
IBI,803,2022-10-18T18:44:30.586511
HR,68,2022-10-18T18:44:30.586511
IBI,815,2022-10-18T18:44:31.403521
HR,68,2022-10-18T18:44:31.409647
IBI,779,2022-10-18T18:44:32.622362
HR,70,2022-10-18T18:44:32.624285
IBI,787,2022-10-18T18:44:32.624285
HR,70,2022-10-18T18:44:32.625281
IBI,809,2022-10-18T18:44:33.431334
HR,70,2022-10-18T18:44:33.431334
IBI,825,2022-10-18T18:44:34.635632
HR,71,2022-10-18T18:44:34.635632
IBI,820,2022-10-18T18:44:35.452937
HR,71,2022-10-18T18:44:35.458762
IBI,806,2022-10-18T18:44:36.671195
HR,72,2022-10-18T18:44:36.671195
IBI,789,2022-10-18T18:44:36.673658
HR,72,2022-10-18T18:44:36.673658
IBI,810,2022-10-18T18:44:38.288556
HR,72,2022-10-18T18:44:38.294075
IBI,872,2022-10-18T18:44:38.697322
HR,72,2022-10-18T18:44:38.698331
IBI,855,2022-10-18T18:44:39.508028
HR,72,2022-10-18T18:44:39.508600
IBI,870,2022-10-18T18:44:40.718279
HR,72,2022-10-18T18:44:40.724630
IBI,887,2022-10-18T18:44:42.338867
HR,72,2022-10-18T18:44:42.343761
IBI,895,2022-10-18T18:44:42.748748
HR,71,2022-10-18T18:44:42.750778
IBI,870,2022-10-18T18:44:43.550860
HR,71,2022-10-18T18:44:43.559396
IBI,902,2022-10-18T18:44:44.769940
HR,70,2022-10-18T18:44:44.774364
IBI,923,2022-10-18T18:44:44.774364
HR,70,2022-10-18T18:44:44.774364
IBI,894,2022-10-18T18:44:45.572023
HR,70,2022-10-18T18:44:45.572023
IBI,885,2022-10-18T18:44:46.389720
HR,70,2022-10-18T18:44:46.389720
IBI,905,2022-10-18T18:44:47.599482
HR,69,2022-10-18T18:44:47.609613
IBI,879,2022-10-18T18:44:48.417609
HR,69,2022-10-18T18:44:48.419484
IBI,872,2022-10-18T18:44:49.621812
HR,69,2022-10-18T18:44:49.634270
IBI,895,2022-10-18T18:44:50.440776
HR,69,2022-10-18T18:44:50.443787
IBI,901,2022-10-18T18:44:51.645152
HR,69,2022-10-18T18:44:51.645152
IBI,891,2022-10-18T18:44:52.464042
HR,68,2022-10-18T18:44:52.469590
IBI,905,2022-10-18T18:44:52.469590
HR,68,2022-10-18T18:44:52.469590
IBI,932,2022-10-18T18:44:53.683104
HR,68,2022-10-18T18:44:53.683104
IBI,921,2022-10-18T18:44:54.486279
HR,68,2022-10-18T18:44:54.494515
IBI,870,2022-10-18T18:44:55.705801
HR,68,2022-10-18T18:44:55.709087
IBI,853,2022-10-18T18:44:56.517491
HR,68,2022-10-18T18:44:56.519570
IBI,866,2022-10-18T18:44:57.727280
HR,68,2022-10-18T18:44:57.727280
IBI,856,2022-10-18T18:44:58.537091
HR,68,2022-10-18T18:44:58.537091
IBI,851,2022-10-18T18:44:59.755782
HR,68,2022-10-18T18:44:59.755782
IBI,928,2022-10-18T18:45:00.566075
HR,68,2022-10-18T18:45:00.569026
IBI,983,2022-10-18T18:45:01.782231
HR,68,2022-10-18T18:45:01.782231
IBI,974,2022-10-18T18:45:02.584516
HR,68,2022-10-18T18:45:02.593737
IBI,1015,2022-10-18T18:45:03.402191
HR,67,2022-10-18T18:45:03.402191
IBI,998,2022-10-18T18:45:04.606144
HR,66,2022-10-18T18:45:04.619409
IBI,1001,2022-10-18T18:45:05.424822
HR,66,2022-10-18T18:45:05.429659
IBI,1016,2022-10-18T18:45:06.628962
HR,65,2022-10-18T18:45:06.644068
IBI,971,2022-10-18T18:45:07.447084
HR,64,2022-10-18T18:45:07.453826
IBI,936,2022-10-18T18:45:07.453826
HR,64,2022-10-18T18:45:07.453826
IBI,936,2022-10-18T18:45:08.667133
HR,64,2022-10-18T18:45:08.669397
IBI,901,2022-10-18T18:45:09.469904
HR,64,2022-10-18T18:45:09.469904
IBI,893,2022-10-18T18:45:10.689615
HR,64,2022-10-18T18:45:10.694498
IBI,839,2022-10-18T18:45:11.492870
HR,64,2022-10-18T18:45:11.492870
IBI,832,2022-10-18T18:45:12.712141
HR,65,2022-10-18T18:45:12.718646
IBI,861,2022-10-18T18:45:14.323534
HR,66,2022-10-18T18:45:14.339574
IBI,854,2022-10-18T18:45:14.740799
HR,67,2022-10-18T18:45:14.743572
IBI,872,2022-10-18T18:45:14.743572
HR,67,2022-10-18T18:45:14.743572
IBI,914,2022-10-18T18:45:15.543543
HR,67,2022-10-18T18:45:15.554135
IBI,932,2022-10-18T18:45:16.764017
HR,67,2022-10-18T18:45:16.769447
IBI,936,2022-10-18T18:45:17.566957
HR,67,2022-10-18T18:45:17.566957
IBI,924,2022-10-18T18:45:19.198754
HR,66,2022-10-18T18:45:19.199706
IBI,966,2022-10-18T18:45:19.598796
HR,66,2022-10-18T18:45:19.598796
IBI,961,2022-10-18T18:45:20.408688
HR,66,2022-10-18T18:45:20.414326
IBI,900,2022-10-18T18:45:21.627796
HR,66,2022-10-18T18:45:21.629124
IBI,887,2022-10-18T18:45:22.437693
HR,66,2022-10-18T18:45:22.438539
IBI,905,2022-10-18T18:45:23.649707
HR,66,2022-10-18T18:45:23.649707
IBI,908,2022-10-18T18:45:24.458898
HR,66,2022-10-18T18:45:24.464036
IBI,915,2022-10-18T18:45:25.669671
HR,66,2022-10-18T18:45:25.669671
IBI,975,2022-10-18T18:45:26.487262
HR,66,2022-10-18T18:45:26.488718
IBI,1003,2022-10-18T18:45:27.691033
HR,66,2022-10-18T18:45:27.704071
IBI,955,2022-10-18T18:45:28.508901
HR,65,2022-10-18T18:45:28.508901
IBI,989,2022-10-18T18:45:29.728866
HR,65,2022-10-18T18:45:29.729463
IBI,1001,2022-10-18T18:45:30.532145
HR,64,2022-10-18T18:45:30.532145
IBI,943,2022-10-18T18:45:30.538954
HR,64,2022-10-18T18:45:30.539950
IBI,938,2022-10-18T18:45:31.752099
HR,64,2022-10-18T18:45:31.752099
IBI,942,2022-10-18T18:45:32.561431
HR,64,2022-10-18T18:45:32.563745
IBI,894,2022-10-18T18:45:33.765789
HR,64,2022-10-18T18:45:33.779039
IBI,858,2022-10-18T18:45:34.584793
HR,64,2022-10-18T18:45:34.584793
IBI,894,2022-10-18T18:45:35.387706
HR,64,2022-10-18T18:45:35.398435
IBI,921,2022-10-18T18:45:36.607025
HR,65,2022-10-18T18:45:36.607025
IBI,917,2022-10-18T18:45:38.225685
HR,65,2022-10-18T18:45:38.233033
IBI,964,2022-10-18T18:45:38.630432
HR,65,2022-10-18T18:45:38.638464
IBI,1002,2022-10-18T18:45:39.440240
HR,65,2022-10-18T18:45:39.440240
IBI,987,2022-10-18T18:45:40.660660
HR,65,2022-10-18T18:45:40.663063
IBI,985,2022-10-18T18:45:41.471607
HR,64,2022-10-18T18:45:41.472864
IBI,1005,2022-10-18T18:45:42.680618
HR,64,2022-10-18T18:45:42.689130
IBI,980,2022-10-18T18:45:43.490897
HR,63,2022-10-18T18:45:43.498425
IBI,951,2022-10-18T18:45:44.708532
HR,63,2022-10-18T18:45:44.708532
IBI,990,2022-10-18T18:45:45.511800
HR,63,2022-10-18T18:45:45.523958
IBI,985,2022-10-18T18:45:46.732381
HR,63,2022-10-18T18:45:46.739123
IBI,938,2022-10-18T18:45:47.534992
HR,63,2022-10-18T18:45:47.534992
IBI,961,2022-10-18T18:45:48.754642
HR,63,2022-10-18T18:45:48.763743
IBI,969,2022-10-18T18:45:49.573528
HR,63,2022-10-18T18:45:49.574256
IBI,949,2022-10-18T18:45:50.376680
HR,63,2022-10-18T18:45:50.376680
IBI,932,2022-10-18T18:45:50.384292
HR,63,2022-10-18T18:45:50.384292
IBI,964,2022-10-18T18:45:51.596413
HR,63,2022-10-18T18:45:51.596413
IBI,959,2022-10-18T18:45:52.405669
HR,63,2022-10-18T18:45:52.409228
IBI,928,2022-10-18T18:45:53.609365
HR,63,2022-10-18T18:45:53.624816
IBI,940,2022-10-18T18:45:54.426870
HR,63,2022-10-18T18:45:54.433178
IBI,946,2022-10-18T18:45:55.645202
HR,63,2022-10-18T18:45:55.645202
IBI,902,2022-10-18T18:45:56.447612
HR,63,2022-10-18T18:45:56.459208
IBI,882,2022-10-18T18:45:57.667651
HR,63,2022-10-18T18:45:57.674207
IBI,905,2022-10-18T18:45:58.470157
HR,64,2022-10-18T18:45:58.484030
IBI,899,2022-10-18T18:45:59.689235
HR,64,2022-10-18T18:45:59.698902
IBI,879,2022-10-18T18:46:00.507822
HR,64,2022-10-18T18:46:00.507822
IBI,908,2022-10-18T18:46:01.712560
HR,65,2022-10-18T18:46:01.723980
IBI,935,2022-10-18T18:46:01.723980
HR,65,2022-10-18T18:46:01.724979
IBI,899,2022-10-18T18:46:03.342724
HR,65,2022-10-18T18:46:03.343953
IBI,891,2022-10-18T18:46:03.741911
HR,65,2022-10-18T18:46:03.749055
IBI,915,2022-10-18T18:46:04.551953
HR,65,2022-10-18T18:46:04.558789
IBI,928,2022-10-18T18:46:05.772918
HR,65,2022-10-18T18:46:05.773818
IBI,898,2022-10-18T18:46:06.582620
HR,65,2022-10-18T18:46:06.582620
IBI,922,2022-10-18T18:46:07.392506
HR,65,2022-10-18T18:46:07.393410
IBI,951,2022-10-18T18:46:08.595584
HR,65,2022-10-18T18:46:08.608957
IBI,998,2022-10-18T18:46:09.413334
HR,65,2022-10-18T18:46:09.413334
IBI,982,2022-10-18T18:46:10.632382
HR,65,2022-10-18T18:46:10.633668
IBI,1008,2022-10-18T18:46:11.435060
HR,64,2022-10-18T18:46:11.444122
IBI,1007,2022-10-18T18:46:12.654648
HR,64,2022-10-18T18:46:12.658868
IBI,979,2022-10-18T18:46:13.456647
HR,64,2022-10-18T18:46:13.456647
IBI,1000,2022-10-18T18:46:14.682304
HR,63,2022-10-18T18:46:14.683565
IBI,987,2022-10-18T18:46:15.491417
HR,63,2022-10-18T18:46:15.493737
IBI,977,2022-10-18T18:46:16.704199
HR,63,2022-10-18T18:46:16.704199
IBI,946,2022-10-18T18:46:17.513440
HR,63,2022-10-18T18:46:17.513440
IBI,947,2022-10-18T18:46:18.733237
HR,63,2022-10-18T18:46:18.733958
IBI,932,2022-10-18T18:46:19.542853
HR,63,2022-10-18T18:46:19.543600
IBI,920,2022-10-18T18:46:20.754362
HR,63,2022-10-18T18:46:20.758427
IBI,925,2022-10-18T18:46:20.758427
HR,63,2022-10-18T18:46:20.758427
IBI,937,2022-10-18T18:46:21.555279
HR,63,2022-10-18T18:46:21.568959
IBI,917,2022-10-18T18:46:22.775435
HR,63,2022-10-18T18:46:22.783648
IBI,929,2022-10-18T18:46:23.593510
HR,63,2022-10-18T18:46:23.594161
IBI,966,2022-10-18T18:46:24.402136
HR,64,2022-10-18T18:46:24.402136
IBI,999,2022-10-18T18:46:25.605648
HR,64,2022-10-18T18:46:25.618741
IBI,961,2022-10-18T18:46:27.226784
HR,63,2022-10-18T18:46:27.238910
IBI,990,2022-10-18T18:46:27.628329
HR,63,2022-10-18T18:46:27.643998
IBI,1016,2022-10-18T18:46:28.454034
HR,63,2022-10-18T18:46:28.454034
IBI,971,2022-10-18T18:46:29.654691
HR,63,2022-10-18T18:46:29.668642
IBI,935,2022-10-18T18:46:30.473526
HR,62,2022-10-18T18:46:30.473526
IBI,938,2022-10-18T18:46:31.692500
HR,63,2022-10-18T18:46:31.693712
IBI,932,2022-10-18T18:46:32.495203
HR,63,2022-10-18T18:46:32.495203
IBI,893,2022-10-18T18:46:33.714469
HR,63,2022-10-18T18:46:33.714469
IBI,917,2022-10-18T18:46:34.517192
HR,63,2022-10-18T18:46:34.528303
IBI,944,2022-10-18T18:46:35.736253
HR,63,2022-10-18T18:46:35.736253
IBI,934,2022-10-18T18:46:36.538146
HR,64,2022-10-18T18:46:36.552918
IBI,897,2022-10-18T18:46:37.762005
HR,64,2022-10-18T18:46:37.762005
IBI,922,2022-10-18T18:46:37.767747
HR,64,2022-10-18T18:46:37.767747
IBI,943,2022-10-18T18:46:38.563921
HR,64,2022-10-18T18:46:38.577439
IBI,933,2022-10-18T18:46:39.381203
HR,64,2022-10-18T18:46:39.387546
IBI,910,2022-10-18T18:46:40.599549
HR,64,2022-10-18T18:46:40.599549
IBI,936,2022-10-18T18:46:41.401335
HR,64,2022-10-18T18:46:41.412538
IBI,940,2022-10-18T18:46:42.619362
HR,64,2022-10-18T18:46:42.619362
IBI,902,2022-10-18T18:46:43.437131
HR,64,2022-10-18T18:46:43.439084
IBI,899,2022-10-18T18:46:44.640043
HR,64,2022-10-18T18:46:44.640043
IBI,905,2022-10-18T18:46:45.460894
HR,65,2022-10-18T18:46:45.462897
IBI,882,2022-10-18T18:46:46.674609
HR,65,2022-10-18T18:46:46.678200
IBI,847,2022-10-18T18:46:46.678200
HR,65,2022-10-18T18:46:46.678200
IBI,884,2022-10-18T18:46:47.483174
HR,65,2022-10-18T18:46:47.489569
IBI,914,2022-10-18T18:46:48.702156
HR,66,2022-10-18T18:46:48.704032
IBI,902,2022-10-18T18:46:49.504752
HR,66,2022-10-18T18:46:49.513269
IBI,880,2022-10-18T18:46:50.724217
HR,66,2022-10-18T18:46:50.724217
IBI,897,2022-10-18T18:46:51.527121
HR,66,2022-10-18T18:46:51.538934
IBI,911,2022-10-18T18:46:52.746981
HR,66,2022-10-18T18:46:52.753557
IBI,896,2022-10-18T18:46:53.549911
HR,66,2022-10-18T18:46:53.563380
IBI,903,2022-10-18T18:46:54.769745
HR,66,2022-10-18T18:46:54.778497
IBI,915,2022-10-18T18:46:55.587189
HR,66,2022-10-18T18:46:55.587189
IBI,902,2022-10-18T18:46:55.588855
HR,66,2022-10-18T18:46:55.588855
IBI,883,2022-10-18T18:46:56.397955
HR,66,2022-10-18T18:46:56.397955
IBI,911,2022-10-18T18:46:57.609545
HR,66,2022-10-18T18:46:57.613927
IBI,925,2022-10-18T18:46:58.417694
HR,66,2022-10-18T18:46:58.422963
IBI,908,2022-10-18T18:46:59.636049
HR,66,2022-10-18T18:46:59.638388
IBI,898,2022-10-18T18:47:00.437862
HR,66,2022-10-18T18:47:00.448135
IBI,907,2022-10-18T18:47:01.663020
HR,66,2022-10-18T18:47:01.664035
IBI,897,2022-10-18T18:47:02.473228
HR,66,2022-10-18T18:47:02.474095
IBI,860,2022-10-18T18:47:03.683293
HR,66,2022-10-18T18:47:03.683293
IBI,879,2022-10-18T18:47:04.493523
HR,67,2022-10-18T18:47:04.498656
IBI,891,2022-10-18T18:47:04.498656
HR,67,2022-10-18T18:47:04.498656
IBI,871,2022-10-18T18:47:05.712649
HR,67,2022-10-18T18:47:05.713204
IBI,875,2022-10-18T18:47:06.522305
HR,67,2022-10-18T18:47:06.523315
IBI,905,2022-10-18T18:47:07.733263
HR,67,2022-10-18T18:47:07.733263
IBI,907,2022-10-18T18:47:08.535727
HR,67,2022-10-18T18:47:08.535727
IBI,882,2022-10-18T18:47:09.761777
HR,67,2022-10-18T18:47:09.763417
IBI,906,2022-10-18T18:47:10.564686
HR,67,2022-10-18T18:47:10.573158
IBI,912,2022-10-18T18:47:11.383096
HR,67,2022-10-18T18:47:11.383965
IBI,875,2022-10-18T18:47:12.586567
HR,67,2022-10-18T18:47:12.586567
IBI,860,2022-10-18T18:47:12.598263
HR,67,2022-10-18T18:47:12.598263
IBI,882,2022-10-18T18:47:13.405336
HR,67,2022-10-18T18:47:13.408155
IBI,866,2022-10-18T18:47:14.609654
HR,67,2022-10-18T18:47:14.623737
IBI,842,2022-10-18T18:47:16.229972
HR,68,2022-10-18T18:47:16.243084
IBI,861,2022-10-18T18:47:16.646798
HR,68,2022-10-18T18:47:16.647962
IBI,887,2022-10-18T18:47:17.449373
HR,68,2022-10-18T18:47:17.458280
IBI,881,2022-10-18T18:47:18.668658
HR,68,2022-10-18T18:47:18.672624
IBI,883,2022-10-18T18:47:18.672624
HR,68,2022-10-18T18:47:18.673736
IBI,886,2022-10-18T18:47:19.470002
HR,68,2022-10-18T18:47:19.470002
IBI,890,2022-10-18T18:47:20.694443
HR,68,2022-10-18T18:47:20.697834
IBI,872,2022-10-18T18:47:21.495720
HR,68,2022-10-18T18:47:21.508978
IBI,864,2022-10-18T18:47:22.714101
HR,68,2022-10-18T18:47:22.714101
IBI,891,2022-10-18T18:47:23.531189
HR,68,2022-10-18T18:47:23.532128
IBI,884,2022-10-18T18:47:24.733847
HR,68,2022-10-18T18:47:24.747809
IBI,861,2022-10-18T18:47:25.551094
HR,68,2022-10-18T18:47:25.557995
IBI,867,2022-10-18T18:47:25.557995
HR,68,2022-10-18T18:47:25.557995
IBI,873,2022-10-18T18:47:26.770399
HR,68,2022-10-18T18:47:26.772990
IBI,864,2022-10-18T18:47:27.578490
HR,68,2022-10-18T18:47:27.578490
IBI,848,2022-10-18T18:47:28.389133
HR,68,2022-10-18T18:47:28.393246
IBI,861,2022-10-18T18:47:29.592159
HR,69,2022-10-18T18:47:29.608060
IBI,856,2022-10-18T18:47:30.416812
HR,69,2022-10-18T18:47:30.418561
IBI,883,2022-10-18T18:47:31.621653
HR,69,2022-10-18T18:47:31.633462
IBI,886,2022-10-18T18:47:32.440212
HR,69,2022-10-18T18:47:32.440212
IBI,895,2022-10-18T18:47:32.443072
HR,69,2022-10-18T18:47:32.443072
IBI,861,2022-10-18T18:47:33.644926
HR,69,2022-10-18T18:47:33.644926
IBI,838,2022-10-18T18:47:34.463882
HR,69,2022-10-18T18:47:34.468497
IBI,839,2022-10-18T18:47:35.667895
HR,69,2022-10-18T18:47:35.683229
IBI,816,2022-10-18T18:47:36.486411
HR,69,2022-10-18T18:47:36.493635
IBI,796,2022-10-18T18:47:36.493635
HR,69,2022-10-18T18:47:36.493635
IBI,792,2022-10-18T18:47:37.705270
HR,70,2022-10-18T18:47:37.707515
IBI,764,2022-10-18T18:47:38.507596
HR,71,2022-10-18T18:47:38.517633
IBI,755,2022-10-18T18:47:39.736142
HR,72,2022-10-18T18:47:39.736142
IBI,745,2022-10-18T18:47:39.736142
HR,72,2022-10-18T18:47:39.736468
IBI,720,2022-10-18T18:47:40.528413
HR,73,2022-10-18T18:47:40.543558
IBI,722,2022-10-18T18:47:42.154655
HR,74,2022-10-18T18:47:42.163971
IBI,716,2022-10-18T18:47:42.556297
HR,76,2022-10-18T18:47:42.568478
IBI,709,2022-10-18T18:47:42.568478
HR,76,2022-10-18T18:47:42.568478
IBI,726,2022-10-18T18:47:43.775578
HR,76,2022-10-18T18:47:43.775578
IBI,728,2022-10-18T18:47:44.591844
HR,78,2022-10-18T18:47:44.591844
IBI,721,2022-10-18T18:47:44.593266
HR,78,2022-10-18T18:47:44.593266
IBI,714,2022-10-18T18:47:45.402930
HR,78,2022-10-18T18:47:45.403629
IBI,714,2022-10-18T18:47:46.612680
HR,79,2022-10-18T18:47:46.618141
IBI,703,2022-10-18T18:47:47.422959
HR,80,2022-10-18T18:47:47.422959
IBI,716,2022-10-18T18:47:47.428153
HR,80,2022-10-18T18:47:47.428153
IBI,779,2022-10-18T18:47:48.642030
HR,80,2022-10-18T18:47:48.642841
IBI,834,2022-10-18T18:47:49.451845
HR,80,2022-10-18T18:47:49.452563
IBI,916,2022-10-18T18:47:50.665459
HR,80,2022-10-18T18:47:50.667346
IBI,981,2022-10-18T18:47:51.474159
HR,79,2022-10-18T18:47:51.474159
IBI,985,2022-10-18T18:47:52.677552
HR,74,2022-10-18T18:47:52.693026
IBI,959,2022-10-18T18:47:53.496537
HR,73,2022-10-18T18:47:53.502967
IBI,981,2022-10-18T18:47:54.715712
HR,72,2022-10-18T18:47:54.718190
IBI,989,2022-10-18T18:47:55.516905
HR,71,2022-10-18T18:47:55.516905
IBI,962,2022-10-18T18:47:56.735628
HR,70,2022-10-18T18:47:56.742781
IBI,913,2022-10-18T18:47:58.355146
HR,69,2022-10-18T18:47:58.362627
IBI,888,2022-10-18T18:47:58.756284
HR,68,2022-10-18T18:47:58.767740
IBI,873,2022-10-18T18:47:58.767740
HR,68,2022-10-18T18:47:58.767740
IBI,837,2022-10-18T18:47:59.573918
HR,68,2022-10-18T18:47:59.577585
IBI,840,2022-10-18T18:48:00.375986
HR,69,2022-10-18T18:48:00.387705
IBI,872,2022-10-18T18:48:01.601936
HR,69,2022-10-18T18:48:01.601936
IBI,894,2022-10-18T18:48:02.405203
HR,69,2022-10-18T18:48:02.405203
IBI,881,2022-10-18T18:48:03.625077
HR,69,2022-10-18T18:48:03.625077
IBI,935,2022-10-18T18:48:04.426833
HR,69,2022-10-18T18:48:04.437836
IBI,963,2022-10-18T18:48:05.646613
HR,69,2022-10-18T18:48:05.653227
IBI,938,2022-10-18T18:48:06.449670
HR,68,2022-10-18T18:48:06.463408
IBI,946,2022-10-18T18:48:07.669945
HR,68,2022-10-18T18:48:07.678287
IBI,957,2022-10-18T18:48:08.487856
HR,67,2022-10-18T18:48:08.487856
IBI,939,2022-10-18T18:48:09.695255
HR,67,2022-10-18T18:48:09.703053
IBI,924,2022-10-18T18:48:10.505371
HR,66,2022-10-18T18:48:10.505371
IBI,964,2022-10-18T18:48:11.726023
HR,66,2022-10-18T18:48:11.727948
IBI,944,2022-10-18T18:48:11.727948
HR,66,2022-10-18T18:48:11.727948
IBI,909,2022-10-18T18:48:12.535425
HR,66,2022-10-18T18:48:12.535425
IBI,927,2022-10-18T18:48:13.745253
HR,66,2022-10-18T18:48:13.754248
IBI,950,2022-10-18T18:48:14.555358
HR,66,2022-10-18T18:48:14.555358
IBI,944,2022-10-18T18:48:15.775623
HR,65,2022-10-18T18:48:15.775623
IBI,969,2022-10-18T18:48:16.578753
HR,65,2022-10-18T18:48:16.587720
IBI,1017,2022-10-18T18:48:17.397006
HR,65,2022-10-18T18:48:17.398180
IBI,1010,2022-10-18T18:48:18.600724
HR,64,2022-10-18T18:48:18.600724
IBI,972,2022-10-18T18:48:19.418112
HR,64,2022-10-18T18:48:19.418112
IBI,998,2022-10-18T18:48:20.627864
HR,64,2022-10-18T18:48:20.637839
IBI,1001,2022-10-18T18:48:21.446782
HR,63,2022-10-18T18:48:21.448417
IBI,943,2022-10-18T18:48:22.649712
HR,63,2022-10-18T18:48:22.649712
IBI,954,2022-10-18T18:48:23.468067
HR,63,2022-10-18T18:48:23.472940
IBI,968,2022-10-18T18:48:24.672986
HR,63,2022-10-18T18:48:24.688440
IBI,909,2022-10-18T18:48:25.491638
HR,63,2022-10-18T18:48:25.498058
IBI,880,2022-10-18T18:48:26.710769
HR,63,2022-10-18T18:48:26.712875
IBI,910,2022-10-18T18:48:27.513947
HR,63,2022-10-18T18:48:27.522878
IBI,908,2022-10-18T18:48:28.731841
HR,64,2022-10-18T18:48:28.736775
IBI,897,2022-10-18T18:48:29.533066
HR,64,2022-10-18T18:48:29.533066
IBI,947,2022-10-18T18:48:30.757630
HR,64,2022-10-18T18:48:30.762432
IBI,956,2022-10-18T18:48:30.762432
HR,64,2022-10-18T18:48:30.762432
IBI,917,2022-10-18T18:48:31.558926
HR,64,2022-10-18T18:48:31.572038
IBI,936,2022-10-18T18:48:32.376590
HR,64,2022-10-18T18:48:32.381740
IBI,918,2022-10-18T18:48:33.594859
HR,64,2022-10-18T18:48:33.596798
IBI,864,2022-10-18T18:48:34.396741
HR,64,2022-10-18T18:48:34.396741
IBI,860,2022-10-18T18:48:35.613460
HR,65,2022-10-18T18:48:35.613460
IBI,903,2022-10-18T18:48:36.423335
HR,65,2022-10-18T18:48:36.432243
IBI,895,2022-10-18T18:48:37.643007
HR,65,2022-10-18T18:48:37.646630
IBI,889,2022-10-18T18:48:38.453166
HR,66,2022-10-18T18:48:38.457418
IBI,930,2022-10-18T18:48:39.672362
HR,66,2022-10-18T18:48:39.673374
IBI,937,2022-10-18T18:48:40.474245
HR,66,2022-10-18T18:48:40.482754
IBI,926,2022-10-18T18:48:40.482932
HR,66,2022-10-18T18:48:40.483489
IBI,936,2022-10-18T18:48:41.684796
HR,66,2022-10-18T18:48:41.697938
IBI,941,2022-10-18T18:48:42.507533
HR,65,2022-10-18T18:48:42.507729
IBI,937,2022-10-18T18:48:43.722073
HR,65,2022-10-18T18:48:43.722940
IBI,942,2022-10-18T18:48:44.524373
HR,65,2022-10-18T18:48:44.524373
IBI,953,2022-10-18T18:48:45.744528
HR,65,2022-10-18T18:48:45.747547
IBI,957,2022-10-18T18:48:47.365933
HR,65,2022-10-18T18:48:47.365933
IBI,965,2022-10-18T18:48:47.766993
HR,65,2022-10-18T18:48:47.766993
IBI,924,2022-10-18T18:48:48.569889
HR,64,2022-10-18T18:48:48.583062
IBI,936,2022-10-18T18:48:49.387040
HR,64,2022-10-18T18:48:49.392613
IBI,943,2022-10-18T18:48:50.597403
HR,64,2022-10-18T18:48:50.607696
IBI,902,2022-10-18T18:48:51.416440
HR,64,2022-10-18T18:48:51.419574
IBI,878,2022-10-18T18:48:52.621397
HR,65,2022-10-18T18:48:52.621397
IBI,856,2022-10-18T18:48:52.632725
HR,65,2022-10-18T18:48:52.632725
IBI,873,2022-10-18T18:48:53.439983
HR,65,2022-10-18T18:48:53.442412
IBI,841,2022-10-18T18:48:54.644212
HR,66,2022-10-18T18:48:54.657881
IBI,861,2022-10-18T18:48:55.462749
HR,66,2022-10-18T18:48:55.467430
IBI,877,2022-10-18T18:48:56.681495
HR,66,2022-10-18T18:48:56.682790
IBI,834,2022-10-18T18:48:57.484236
HR,67,2022-10-18T18:48:57.492443
IBI,785,2022-10-18T18:48:57.492443
HR,67,2022-10-18T18:48:57.493439
IBI,776,2022-10-18T18:48:58.704216
HR,68,2022-10-18T18:48:58.704216
IBI,739,2022-10-18T18:48:59.506609
HR,69,2022-10-18T18:48:59.517864
IBI,744,2022-10-18T18:49:00.725628
HR,70,2022-10-18T18:49:00.733219
IBI,766,2022-10-18T18:49:01.535170
HR,72,2022-10-18T18:49:01.535170
IBI,858,2022-10-18T18:49:01.543053
HR,72,2022-10-18T18:49:01.543568
IBI,909,2022-10-18T18:49:03.564449
HR,72,2022-10-18T18:49:03.567931
IBI,961,2022-10-18T18:49:05.185500
HR,72,2022-10-18T18:49:05.185500
IBI,1014,2022-10-18T18:49:05.585126
HR,71,2022-10-18T18:49:05.585126
IBI,1028,2022-10-18T18:49:06.395529
HR,70,2022-10-18T18:49:06.395529
IBI,1005,2022-10-18T18:49:07.615020
HR,69,2022-10-18T18:49:07.617250
IBI,1032,2022-10-18T18:49:08.417864
HR,68,2022-10-18T18:49:08.427187
IBI,1046,2022-10-18T18:49:09.636402
HR,66,2022-10-18T18:49:09.636402
IBI,969,2022-10-18T18:49:09.642757
HR,66,2022-10-18T18:49:09.642757
IBI,961,2022-10-18T18:49:10.438888
HR,65,2022-10-18T18:49:10.438888
IBI,944,2022-10-18T18:49:11.658856
HR,65,2022-10-18T18:49:11.658856
IBI,907,2022-10-18T18:49:12.462091
HR,65,2022-10-18T18:49:12.478016
IBI,877,2022-10-18T18:49:13.681832
HR,65,2022-10-18T18:49:13.681832
IBI,903,2022-10-18T18:49:14.499667
HR,65,2022-10-18T18:49:14.502338
IBI,951,2022-10-18T18:49:15.703945
HR,65,2022-10-18T18:49:15.703945
IBI,942,2022-10-18T18:49:16.522113
HR,65,2022-10-18T18:49:16.527815
IBI,964,2022-10-18T18:49:17.742048
HR,65,2022-10-18T18:49:17.743049
IBI,984,2022-10-18T18:49:18.551318
HR,65,2022-10-18T18:49:18.552639
IBI,967,2022-10-18T18:49:19.755365
HR,65,2022-10-18T18:49:19.767131
IBI,935,2022-10-18T18:49:20.574369
HR,64,2022-10-18T18:49:20.574369
IBI,932,2022-10-18T18:49:21.376966
HR,64,2022-10-18T18:49:21.376966
IBI,901,2022-10-18T18:49:21.388010
HR,64,2022-10-18T18:49:21.388010
IBI,870,2022-10-18T18:49:22.595616
HR,64,2022-10-18T18:49:22.595616
IBI,872,2022-10-18T18:49:23.396762
HR,65,2022-10-18T18:49:23.396762
IBI,917,2022-10-18T18:49:24.615038
HR,65,2022-10-18T18:49:24.615038
IBI,938,2022-10-18T18:49:25.432637
HR,65,2022-10-18T18:49:25.432637
IBI,928,2022-10-18T18:49:26.650968
HR,65,2022-10-18T18:49:26.651664
IBI,951,2022-10-18T18:49:27.452469
HR,65,2022-10-18T18:49:27.461401
IBI,982,2022-10-18T18:49:28.670881
HR,65,2022-10-18T18:49:28.670881
IBI,943,2022-10-18T18:49:29.479184
HR,65,2022-10-18T18:49:29.479184
IBI,946,2022-10-18T18:49:30.698648
HR,64,2022-10-18T18:49:30.702140
IBI,949,2022-10-18T18:49:31.500134
HR,64,2022-10-18T18:49:31.500134
IBI,934,2022-10-18T18:49:32.719219
HR,64,2022-10-18T18:49:32.719219
IBI,906,2022-10-18T18:49:33.521941
HR,64,2022-10-18T18:49:33.537801
IBI,933,2022-10-18T18:49:34.742332
HR,64,2022-10-18T18:49:34.752904
IBI,916,2022-10-18T18:49:36.362767
HR,64,2022-10-18T18:49:36.371778
IBI,914,2022-10-18T18:49:36.763703
HR,65,2022-10-18T18:49:36.763703
IBI,963,2022-10-18T18:49:36.777542
HR,65,2022-10-18T18:49:36.777542
IBI,979,2022-10-18T18:49:37.581006
HR,65,2022-10-18T18:49:37.586976
IBI,953,2022-10-18T18:49:38.383330
HR,64,2022-10-18T18:49:38.397521
IBI,945,2022-10-18T18:49:39.608743
HR,64,2022-10-18T18:49:39.608743
IBI,927,2022-10-18T18:49:40.411058
HR,64,2022-10-18T18:49:40.421864
IBI,875,2022-10-18T18:49:41.629758
HR,64,2022-10-18T18:49:41.637607
IBI,850,2022-10-18T18:49:42.432393
HR,64,2022-10-18T18:49:42.432393
IBI,869,2022-10-18T18:49:43.653689
HR,65,2022-10-18T18:49:43.653689
IBI,837,2022-10-18T18:49:43.662889
HR,65,2022-10-18T18:49:43.662889
IBI,813,2022-10-18T18:49:44.464161
HR,66,2022-10-18T18:49:44.472808
IBI,802,2022-10-18T18:49:45.684993
HR,67,2022-10-18T18:49:45.684993
IBI,774,2022-10-18T18:49:46.495035
HR,67,2022-10-18T18:49:46.498143
IBI,796,2022-10-18T18:49:47.705108
HR,68,2022-10-18T18:49:47.712187
IBI,802,2022-10-18T18:49:49.324059
HR,70,2022-10-18T18:49:49.324059
IBI,814,2022-10-18T18:49:49.332801
HR,70,2022-10-18T18:49:49.333307
IBI,883,2022-10-18T18:49:49.736231
HR,70,2022-10-18T18:49:49.736231
IBI,917,2022-10-18T18:49:50.538703
HR,70,2022-10-18T18:49:50.538703
IBI,908,2022-10-18T18:49:51.758394
HR,70,2022-10-18T18:49:51.762121
IBI,927,2022-10-18T18:49:52.567508
HR,69,2022-10-18T18:49:52.572637
IBI,932,2022-10-18T18:49:53.370111
HR,69,2022-10-18T18:49:53.370111
IBI,923,2022-10-18T18:49:54.589239
HR,69,2022-10-18T18:49:54.596763
IBI,880,2022-10-18T18:49:55.407116
HR,68,2022-10-18T18:49:55.407887
IBI,881,2022-10-18T18:49:56.611721
HR,68,2022-10-18T18:49:56.622450
IBI,872,2022-10-18T18:49:56.622450
HR,68,2022-10-18T18:49:56.622450
IBI,860,2022-10-18T18:49:57.430379
HR,68,2022-10-18T18:49:57.432530
IBI,846,2022-10-18T18:49:58.634325
HR,68,2022-10-18T18:49:58.634325
IBI,868,2022-10-18T18:50:00.255604
HR,68,2022-10-18T18:50:00.267417
IBI,872,2022-10-18T18:50:00.656843
HR,69,2022-10-18T18:50:00.672380
IBI,875,2022-10-18T18:50:01.474777
HR,69,2022-10-18T18:50:01.482262
IBI,853,2022-10-18T18:50:02.694490
HR,69,2022-10-18T18:50:02.697047
IBI,879,2022-10-18T18:50:03.503286
HR,69,2022-10-18T18:50:03.507306
IBI,919,2022-10-18T18:50:04.707745
HR,69,2022-10-18T18:50:04.707745
IBI,938,2022-10-18T18:50:04.722788
HR,69,2022-10-18T18:50:04.722788
IBI,905,2022-10-18T18:50:05.526363
HR,68,2022-10-18T18:50:05.532070
IBI,906,2022-10-18T18:50:06.746231
HR,68,2022-10-18T18:50:06.747979
IBI,945,2022-10-18T18:50:07.549259
HR,68,2022-10-18T18:50:07.557537
IBI,984,2022-10-18T18:50:08.768625
HR,67,2022-10-18T18:50:08.768625
IBI,999,2022-10-18T18:50:09.578623
HR,67,2022-10-18T18:50:09.582266
IBI,964,2022-10-18T18:50:10.389219
HR,66,2022-10-18T18:50:10.389219
IBI,890,2022-10-18T18:50:11.606926
HR,66,2022-10-18T18:50:11.607845
IBI,861,2022-10-18T18:50:12.416770
HR,66,2022-10-18T18:50:12.416770
IBI,845,2022-10-18T18:50:13.628697
HR,66,2022-10-18T18:50:13.628697
IBI,826,2022-10-18T18:50:13.632283
HR,66,2022-10-18T18:50:13.632283
IBI,823,2022-10-18T18:50:14.442103
HR,67,2022-10-18T18:50:14.442103
IBI,846,2022-10-18T18:50:15.645813
HR,68,2022-10-18T18:50:15.657224
IBI,875,2022-10-18T18:50:16.464091
HR,68,2022-10-18T18:50:16.467251
IBI,899,2022-10-18T18:50:17.668105
HR,68,2022-10-18T18:50:17.668105
IBI,978,2022-10-18T18:50:18.486431
HR,68,2022-10-18T18:50:18.486431
IBI,964,2022-10-18T18:50:19.696684
HR,68,2022-10-18T18:50:19.707315
IBI,968,2022-10-18T18:50:20.515290
HR,67,2022-10-18T18:50:20.517465
IBI,994,2022-10-18T18:50:21.719873
HR,67,2022-10-18T18:50:21.719873
IBI,1000,2022-10-18T18:50:22.537817
HR,66,2022-10-18T18:50:22.541771
IBI,953,2022-10-18T18:50:23.741441
HR,66,2022-10-18T18:50:23.756925
IBI,968,2022-10-18T18:50:25.363047
HR,65,2022-10-18T18:50:25.377323
IBI,940,2022-10-18T18:50:25.378527
HR,65,2022-10-18T18:50:25.386799
IBI,908,2022-10-18T18:50:26.583736
HR,65,2022-10-18T18:50:26.583736
IBI,861,2022-10-18T18:50:26.592401
HR,65,2022-10-18T18:50:26.592401
IBI,862,2022-10-18T18:50:28.204517
HR,65,2022-10-18T18:50:28.212079
IBI,858,2022-10-18T18:50:28.605930
HR,65,2022-10-18T18:50:28.617271
IBI,833,2022-10-18T18:50:30.232546
HR,66,2022-10-18T18:50:30.236346
IBI,808,2022-10-18T18:50:30.632784
HR,67,2022-10-18T18:50:30.632784
IBI,786,2022-10-18T18:50:30.641268
HR,67,2022-10-18T18:50:30.641268
IBI,753,2022-10-18T18:50:32.252093
HR,68,2022-10-18T18:50:32.252093
IBI,720,2022-10-18T18:50:32.653264
HR,69,2022-10-18T18:50:32.653264
IBI,720,2022-10-18T18:50:34.272939
HR,70,2022-10-18T18:50:34.272939
IBI,736,2022-10-18T18:50:34.689557
HR,72,2022-10-18T18:50:34.691293
IBI,838,2022-10-18T18:50:35.491324
HR,73,2022-10-18T18:50:35.501369
IBI,917,2022-10-18T18:50:35.501369
HR,73,2022-10-18T18:50:35.501369
IBI,959,2022-10-18T18:50:38.332971
HR,73,2022-10-18T18:50:38.337139
IBI,1002,2022-10-18T18:50:38.734453
HR,72,2022-10-18T18:50:38.734453
IBI,1011,2022-10-18T18:50:39.537414
HR,71,2022-10-18T18:50:39.537414
IBI,1000,2022-10-18T18:50:40.763837
HR,70,2022-10-18T18:50:40.767535
IBI,1024,2022-10-18T18:50:41.566181
HR,68,2022-10-18T18:50:41.566181
IBI,1003,2022-10-18T18:50:41.577152
HR,68,2022-10-18T18:50:41.577152
IBI,946,2022-10-18T18:50:42.384767
HR,67,2022-10-18T18:50:42.386952
IBI,949,2022-10-18T18:50:43.589456
HR,66,2022-10-18T18:50:43.602204
IBI,928,2022-10-18T18:50:44.408214
HR,66,2022-10-18T18:50:44.408214
IBI,885,2022-10-18T18:50:45.626880
HR,66,2022-10-18T18:50:45.627617
IBI,896,2022-10-18T18:50:46.436345
HR,66,2022-10-18T18:50:46.436345
IBI,930,2022-10-18T18:50:47.647476
HR,66,2022-10-18T18:50:47.652184
IBI,887,2022-10-18T18:50:49.267541
HR,66,2022-10-18T18:50:49.272051
IBI,848,2022-10-18T18:50:49.676754
HR,66,2022-10-18T18:50:49.677442
IBI,899,2022-10-18T18:50:49.677683
HR,66,2022-10-18T18:50:49.677683
IBI,905,2022-10-18T18:50:50.485932
HR,67,2022-10-18T18:50:50.485932
IBI,893,2022-10-18T18:50:52.508300
HR,67,2022-10-18T18:50:52.512915
IBI,962,2022-10-18T18:50:53.712571
HR,67,2022-10-18T18:50:53.727352
IBI,1066,2022-10-18T18:50:54.530685
HR,66,2022-10-18T18:50:54.537753
IBI,1003,2022-10-18T18:50:55.750556
HR,66,2022-10-18T18:50:55.752809
IBI,1035,2022-10-18T18:50:56.557634
HR,64,2022-10-18T18:50:56.562315
IBI,1022,2022-10-18T18:50:56.562315
HR,64,2022-10-18T18:50:56.562315
IBI,951,2022-10-18T18:50:57.773525
HR,64,2022-10-18T18:50:57.773525
IBI,939,2022-10-18T18:50:58.576966
HR,63,2022-10-18T18:50:58.586958
IBI,911,2022-10-18T18:50:59.395272
HR,63,2022-10-18T18:50:59.397116
IBI,815,2022-10-18T18:51:00.599448
HR,64,2022-10-18T18:51:00.612568
IBI,800,2022-10-18T18:51:01.418011
HR,64,2022-10-18T18:51:01.422111
IBI,794,2022-10-18T18:51:02.621316
HR,66,2022-10-18T18:51:02.636865
IBI,819,2022-10-18T18:51:02.637108
HR,66,2022-10-18T18:51:02.637108
IBI,882,2022-10-18T18:51:03.445303
HR,67,2022-10-18T18:51:03.446922
IBI,883,2022-10-18T18:51:04.649190
HR,67,2022-10-18T18:51:04.649190
IBI,902,2022-10-18T18:51:05.467513
HR,67,2022-10-18T18:51:05.471907
IBI,945,2022-10-18T18:51:06.672133
HR,67,2022-10-18T18:51:06.687001
IBI,928,2022-10-18T18:51:07.490699
HR,67,2022-10-18T18:51:07.497376
IBI,939,2022-10-18T18:51:08.709780
HR,67,2022-10-18T18:51:08.711706
IBI,956,2022-10-18T18:51:09.512457
HR,67,2022-10-18T18:51:09.512457
IBI,909,2022-10-18T18:51:10.732584
HR,66,2022-10-18T18:51:10.736944
IBI,881,2022-10-18T18:51:11.534782
HR,66,2022-10-18T18:51:11.534782
IBI,891,2022-10-18T18:51:11.547379
HR,66,2022-10-18T18:51:11.547379
IBI,856,2022-10-18T18:51:12.755360
HR,66,2022-10-18T18:51:12.762201
IBI,856,2022-10-18T18:51:13.558492
HR,67,2022-10-18T18:51:13.558492
IBI,889,2022-10-18T18:51:14.377079
HR,67,2022-10-18T18:51:14.381879
IBI,920,2022-10-18T18:51:15.587599
HR,67,2022-10-18T18:51:15.587599
IBI,909,2022-10-18T18:51:16.398531
HR,67,2022-10-18T18:51:16.407291
IBI,949,2022-10-18T18:51:17.619092
HR,67,2022-10-18T18:51:17.619092
IBI,979,2022-10-18T18:51:18.428869
HR,67,2022-10-18T18:51:18.432202
IBI,927,2022-10-18T18:51:19.646654
HR,66,2022-10-18T18:51:19.647673
IBI,930,2022-10-18T18:51:20.447483
HR,66,2022-10-18T18:51:20.456334
IBI,948,2022-10-18T18:51:21.667648
HR,66,2022-10-18T18:51:21.672190
IBI,913,2022-10-18T18:51:22.470175
HR,66,2022-10-18T18:51:22.482206
IBI,898,2022-10-18T18:51:23.689917
HR,66,2022-10-18T18:51:23.697115
IBI,928,2022-10-18T18:51:23.697115
HR,66,2022-10-18T18:51:23.697115
IBI,922,2022-10-18T18:51:24.492407
HR,66,2022-10-18T18:51:24.506275
IBI,933,2022-10-18T18:51:25.711666
HR,66,2022-10-18T18:51:25.721304
IBI,969,2022-10-18T18:51:26.931639
HR,65,2022-10-18T18:51:26.937107
IBI,997,2022-10-18T18:51:27.740115
HR,65,2022-10-18T18:51:27.740115
IBI,995,2022-10-18T18:51:28.542987
HR,65,2022-10-18T18:51:28.542987
IBI,943,2022-10-18T18:51:29.762811
HR,64,2022-10-18T18:51:29.762811
IBI,956,2022-10-18T18:51:30.565633
HR,64,2022-10-18T18:51:30.581431
IBI,975,2022-10-18T18:51:31.384482
HR,64,2022-10-18T18:51:31.391513
IBI,941,2022-10-18T18:51:32.604690
HR,64,2022-10-18T18:51:32.606852
IBI,912,2022-10-18T18:51:33.407160
HR,64,2022-10-18T18:51:33.407160
IBI,947,2022-10-18T18:51:34.627726
HR,64,2022-10-18T18:51:34.632112
IBI,944,2022-10-18T18:51:35.429939
HR,64,2022-10-18T18:51:35.441964
IBI,903,2022-10-18T18:51:36.649099
HR,64,2022-10-18T18:51:36.649099
IBI,917,2022-10-18T18:51:38.276167
HR,64,2022-10-18T18:51:38.277244
IBI,926,2022-10-18T18:51:38.677330
HR,64,2022-10-18T18:51:38.682119
IBI,941,2022-10-18T18:51:39.480466
HR,64,2022-10-18T18:51:39.480466
IBI,891,2022-10-18T18:51:39.491967
HR,64,2022-10-18T18:51:39.491967
IBI,900,2022-10-18T18:51:40.700912
HR,64,2022-10-18T18:51:40.706924
IBI,882,2022-10-18T18:51:41.503791
HR,65,2022-10-18T18:51:41.516472
IBI,868,2022-10-18T18:51:42.723774
HR,65,2022-10-18T18:51:42.732081
IBI,829,2022-10-18T18:51:43.526141
HR,65,2022-10-18T18:51:43.541697
IBI,807,2022-10-18T18:51:44.745511
HR,67,2022-10-18T18:51:44.745511
IBI,819,2022-10-18T18:51:44.755523
HR,67,2022-10-18T18:51:44.755523
IBI,814,2022-10-18T18:51:45.562827
HR,67,2022-10-18T18:51:45.566149
IBI,783,2022-10-18T18:51:46.364547
HR,68,2022-10-18T18:51:46.364547
IBI,785,2022-10-18T18:51:47.582906
HR,69,2022-10-18T18:51:47.590529
IBI,816,2022-10-18T18:51:48.400183
HR,69,2022-10-18T18:51:48.400911
IBI,877,2022-10-18T18:51:49.609871
HR,70,2022-10-18T18:51:49.609871
IBI,913,2022-10-18T18:51:50.411853
HR,70,2022-10-18T18:51:50.411853
IBI,917,2022-10-18T18:51:51.638522
HR,70,2022-10-18T18:51:51.638522
IBI,992,2022-10-18T18:51:52.448636
HR,69,2022-10-18T18:51:52.451388
IBI,1003,2022-10-18T18:51:53.665986
HR,69,2022-10-18T18:51:53.666993
IBI,964,2022-10-18T18:51:54.467565
HR,67,2022-10-18T18:51:54.467565
IBI,941,2022-10-18T18:51:54.476669
HR,67,2022-10-18T18:51:54.476669
IBI,954,2022-10-18T18:51:55.687635
HR,67,2022-10-18T18:51:55.691253
IBI,928,2022-10-18T18:51:56.497878
HR,66,2022-10-18T18:51:56.497878
IBI,908,2022-10-18T18:51:57.707024
HR,66,2022-10-18T18:51:57.716077
IBI,929,2022-10-18T18:51:58.525090
HR,66,2022-10-18T18:51:58.525090
IBI,933,2022-10-18T18:51:59.728100
HR,66,2022-10-18T18:51:59.742037
IBI,916,2022-10-18T18:52:00.546620
HR,66,2022-10-18T18:52:00.546620
IBI,917,2022-10-18T18:52:01.765982
HR,66,2022-10-18T18:52:01.765982
IBI,949,2022-10-18T18:52:02.568752
HR,66,2022-10-18T18:52:02.568752
IBI,904,2022-10-18T18:52:03.372133
HR,66,2022-10-18T18:52:03.386428
IBI,904,2022-10-18T18:52:03.386428
HR,66,2022-10-18T18:52:03.386428
IBI,875,2022-10-18T18:52:04.598224
HR,66,2022-10-18T18:52:04.600963
IBI,866,2022-10-18T18:52:06.218799
HR,66,2022-10-18T18:52:06.220942
IBI,906,2022-10-18T18:52:06.619802
HR,66,2022-10-18T18:52:06.626444
IBI,896,2022-10-18T18:52:08.240894
HR,66,2022-10-18T18:52:08.240894
IBI,886,2022-10-18T18:52:08.642264
HR,66,2022-10-18T18:52:08.651021
IBI,835,2022-10-18T18:52:09.461152
HR,67,2022-10-18T18:52:09.461750
IBI,780,2022-10-18T18:52:09.461750
HR,67,2022-10-18T18:52:09.461750
IBI,809,2022-10-18T18:52:10.665227
HR,68,2022-10-18T18:52:10.676112
IBI,788,2022-10-18T18:52:11.483706
HR,68,2022-10-18T18:52:11.486099
IBI,762,2022-10-18T18:52:12.688520
HR,70,2022-10-18T18:52:12.688520
IBI,756,2022-10-18T18:52:12.701687
HR,70,2022-10-18T18:52:12.701687
IBI,750,2022-10-18T18:52:13.507535
HR,71,2022-10-18T18:52:13.507535
IBI,730,2022-10-18T18:52:14.711835
HR,72,2022-10-18T18:52:14.711835
IBI,710,2022-10-18T18:52:15.535777
HR,74,2022-10-18T18:52:15.536757
IBI,702,2022-10-18T18:52:15.536757
HR,74,2022-10-18T18:52:15.536757
IBI,697,2022-10-18T18:52:16.750893
HR,75,2022-10-18T18:52:16.751885
IBI,690,2022-10-18T18:52:17.560293
HR,77,2022-10-18T18:52:17.560293
IBI,686,2022-10-18T18:52:17.561292
HR,77,2022-10-18T18:52:17.561292
IBI,682,2022-10-18T18:52:18.761209
HR,78,2022-10-18T18:52:18.761209
IBI,685,2022-10-18T18:52:20.381801
HR,80,2022-10-18T18:52:20.381801
IBI,695,2022-10-18T18:52:20.397018
HR,80,2022-10-18T18:52:20.398110
IBI,695,2022-10-18T18:52:20.399340
HR,81,2022-10-18T18:52:20.399340
IBI,700,2022-10-18T18:52:21.600946
HR,81,2022-10-18T18:52:21.611685
IBI,696,2022-10-18T18:52:22.419549
HR,82,2022-10-18T18:52:22.421653
IBI,721,2022-10-18T18:52:22.421653
HR,82,2022-10-18T18:52:22.421653
IBI,754,2022-10-18T18:52:23.629992
HR,82,2022-10-18T18:52:23.629992
IBI,806,2022-10-18T18:52:24.438764
HR,82,2022-10-18T18:52:24.446647
IBI,863,2022-10-18T18:52:25.658730
HR,82,2022-10-18T18:52:25.661146
IBI,899,2022-10-18T18:52:27.279880
HR,81,2022-10-18T18:52:27.280842
IBI,901,2022-10-18T18:52:27.686316
HR,79,2022-10-18T18:52:27.686958
IBI,876,2022-10-18T18:52:28.489668
HR,77,2022-10-18T18:52:28.489668
IBI,853,2022-10-18T18:52:28.496719
HR,77,2022-10-18T18:52:28.496719
IBI,824,2022-10-18T18:52:29.706450
HR,76,2022-10-18T18:52:29.706450
IBI,849,2022-10-18T18:52:30.508351
HR,76,2022-10-18T18:52:30.521261
IBI,875,2022-10-18T18:52:31.727033
HR,75,2022-10-18T18:52:31.727033
IBI,945,2022-10-18T18:52:32.545720
HR,75,2022-10-18T18:52:32.545720
IBI,923,2022-10-18T18:52:33.749637
HR,74,2022-10-18T18:52:33.761045
IBI,917,2022-10-18T18:52:34.568336
HR,73,2022-10-18T18:52:34.571271
IBI,900,2022-10-18T18:52:35.370216
HR,72,2022-10-18T18:52:35.381240
IBI,902,2022-10-18T18:52:36.589968
HR,71,2022-10-18T18:52:36.589968
IBI,868,2022-10-18T18:52:36.596971
HR,71,2022-10-18T18:52:36.596971
IBI,885,2022-10-18T18:52:37.397642
HR,71,2022-10-18T18:52:37.397642
IBI,872,2022-10-18T18:52:38.619410
HR,71,2022-10-18T18:52:38.621054
IBI,840,2022-10-18T18:52:39.422052
HR,70,2022-10-18T18:52:39.431241
IBI,803,2022-10-18T18:52:40.640435
HR,71,2022-10-18T18:52:40.645573
IBI,762,2022-10-18T18:52:40.645573
HR,71,2022-10-18T18:52:40.645573
IBI,766,2022-10-18T18:52:41.442098
HR,71,2022-10-18T18:52:41.455646
IBI,765,2022-10-18T18:52:42.660026
HR,72,2022-10-18T18:52:42.670721
IBI,775,2022-10-18T18:52:43.477233
HR,73,2022-10-18T18:52:43.480326
IBI,829,2022-10-18T18:52:44.680054
HR,73,2022-10-18T18:52:44.695752
IBI,868,2022-10-18T18:52:45.504800
HR,73,2022-10-18T18:52:45.505546
IBI,886,2022-10-18T18:52:46.717379
HR,73,2022-10-18T18:52:46.721324
IBI,913,2022-10-18T18:52:47.526832
HR,72,2022-10-18T18:52:47.526832
IBI,946,2022-10-18T18:52:47.531358
HR,72,2022-10-18T18:52:47.531358
IBI,954,2022-10-18T18:52:48.745099
HR,71,2022-10-18T18:52:48.746219
IBI,929,2022-10-18T18:52:49.555931
HR,70,2022-10-18T18:52:49.556264
IBI,937,2022-10-18T18:52:50.766767
HR,70,2022-10-18T18:52:50.770795
IBI,964,2022-10-18T18:52:51.568268
HR,69,2022-10-18T18:52:51.580806
IBI,970,2022-10-18T18:52:52.386807
HR,69,2022-10-18T18:52:52.386807
IBI,938,2022-10-18T18:52:53.590188
HR,68,2022-10-18T18:52:53.606771
IBI,945,2022-10-18T18:52:54.414326
HR,67,2022-10-18T18:52:54.416701
IBI,948,2022-10-18T18:52:55.618158
HR,67,2022-10-18T18:52:55.618158
IBI,945,2022-10-18T18:52:56.436589
HR,67,2022-10-18T18:52:56.441486
IBI,917,2022-10-18T18:52:57.641252
HR,66,2022-10-18T18:52:57.656014
IBI,940,2022-10-18T18:52:58.459867
HR,66,2022-10-18T18:52:58.466427
IBI,952,2022-10-18T18:52:59.679853
HR,66,2022-10-18T18:52:59.680962
IBI,917,2022-10-18T18:53:00.482864
HR,66,2022-10-18T18:53:00.490955
IBI,938,2022-10-18T18:53:01.701943
HR,66,2022-10-18T18:53:01.701943
IBI,945,2022-10-18T18:53:02.504911
HR,65,2022-10-18T18:53:02.504911
IBI,913,2022-10-18T18:53:02.516637
HR,65,2022-10-18T18:53:02.516637
IBI,873,2022-10-18T18:53:03.724606
HR,65,2022-10-18T18:53:03.724606
IBI,912,2022-10-18T18:53:04.527683
HR,66,2022-10-18T18:53:04.541283
IBI,917,2022-10-18T18:53:05.754144
HR,66,2022-10-18T18:53:05.755882
IBI,881,2022-10-18T18:53:06.557326
HR,66,2022-10-18T18:53:06.566086
IBI,875,2022-10-18T18:53:07.360294
HR,66,2022-10-18T18:53:07.375927
IBI,888,2022-10-18T18:53:08.580810
HR,66,2022-10-18T18:53:08.591031
IBI,880,2022-10-18T18:53:09.398596
HR,66,2022-10-18T18:53:09.400920
IBI,866,2022-10-18T18:53:10.602911
HR,67,2022-10-18T18:53:10.602911
IBI,896,2022-10-18T18:53:10.616432
HR,67,2022-10-18T18:53:10.616432
IBI,934,2022-10-18T18:53:11.421209
HR,67,2022-10-18T18:53:11.421209
IBI,920,2022-10-18T18:53:12.625906
HR,67,2022-10-18T18:53:12.641090
IBI,923,2022-10-18T18:53:13.444844
HR,67,2022-10-18T18:53:13.451415
IBI,948,2022-10-18T18:53:14.665185
HR,66,2022-10-18T18:53:14.666226
IBI,905,2022-10-18T18:53:15.466708
HR,66,2022-10-18T18:53:15.476013
IBI,871,2022-10-18T18:53:16.686879
HR,66,2022-10-18T18:53:16.686879
IBI,875,2022-10-18T18:53:17.496377
HR,66,2022-10-18T18:53:17.500918
IBI,888,2022-10-18T18:53:18.700599
HR,66,2022-10-18T18:53:18.716480
IBI,877,2022-10-18T18:53:19.519009
HR,67,2022-10-18T18:53:19.526403
IBI,882,2022-10-18T18:53:19.526403
HR,67,2022-10-18T18:53:19.526403
IBI,911,2022-10-18T18:53:20.738905
HR,67,2022-10-18T18:53:20.740979
IBI,917,2022-10-18T18:53:21.541999
HR,67,2022-10-18T18:53:21.541999
IBI,872,2022-10-18T18:53:22.761831
HR,67,2022-10-18T18:53:22.765805
IBI,879,2022-10-18T18:53:23.564195
HR,67,2022-10-18T18:53:23.564195
IBI,823,2022-10-18T18:53:24.383058
HR,67,2022-10-18T18:53:24.385679
IBI,781,2022-10-18T18:53:24.385679
HR,67,2022-10-18T18:53:24.385679
IBI,784,2022-10-18T18:53:25.593313
HR,68,2022-10-18T18:53:25.601154
IBI,789,2022-10-18T18:53:26.402401
HR,69,2022-10-18T18:53:26.410869
IBI,795,2022-10-18T18:53:27.622184
HR,70,2022-10-18T18:53:27.626507
IBI,825,2022-10-18T18:53:28.432241
HR,70,2022-10-18T18:53:28.435778
IBI,862,2022-10-18T18:53:29.643022
HR,71,2022-10-18T18:53:29.651156
IBI,880,2022-10-18T18:53:30.453190
HR,71,2022-10-18T18:53:30.460681
IBI,871,2022-10-18T18:53:30.460681
HR,71,2022-10-18T18:53:30.460681
IBI,882,2022-10-18T18:53:31.671850
HR,70,2022-10-18T18:53:31.671850
IBI,864,2022-10-18T18:53:32.474138
HR,70,2022-10-18T18:53:32.474138
IBI,840,2022-10-18T18:53:33.694188
HR,70,2022-10-18T18:53:33.700920
IBI,844,2022-10-18T18:53:34.496421
HR,70,2022-10-18T18:53:34.510813
IBI,833,2022-10-18T18:53:34.510813
HR,70,2022-10-18T18:53:34.511810
IBI,827,2022-10-18T18:53:35.716154
HR,70,2022-10-18T18:53:35.716154
IBI,802,2022-10-18T18:53:36.534367
HR,71,2022-10-18T18:53:36.535990
IBI,800,2022-10-18T18:53:37.736848
HR,71,2022-10-18T18:53:37.736848
IBI,780,2022-10-18T18:53:38.554093
HR,72,2022-10-18T18:53:38.554093
IBI,759,2022-10-18T18:53:38.559968
HR,72,2022-10-18T18:53:38.559968
IBI,753,2022-10-18T18:53:39.771346
HR,72,2022-10-18T18:53:39.771346
IBI,769,2022-10-18T18:53:40.579044
HR,73,2022-10-18T18:53:40.584782
IBI,809,2022-10-18T18:53:41.380584
HR,74,2022-10-18T18:53:41.380584
IBI,860,2022-10-18T18:53:42.598784
HR,74,2022-10-18T18:53:42.610456
IBI,888,2022-10-18T18:53:43.417680
HR,73,2022-10-18T18:53:43.417680
IBI,861,2022-10-18T18:53:43.420708
HR,73,2022-10-18T18:53:43.420708
IBI,847,2022-10-18T18:53:44.622278
HR,73,2022-10-18T18:53:44.636169
IBI,817,2022-10-18T18:53:45.440739
HR,73,2022-10-18T18:53:45.446165
IBI,785,2022-10-18T18:53:46.645267
HR,72,2022-10-18T18:53:46.661581
IBI,771,2022-10-18T18:53:47.464234
HR,73,2022-10-18T18:53:47.464234
IBI,734,2022-10-18T18:53:47.471467
HR,73,2022-10-18T18:53:47.471467
IBI,757,2022-10-18T18:53:48.684613
HR,74,2022-10-18T18:53:48.686006
IBI,761,2022-10-18T18:53:49.487423
HR,75,2022-10-18T18:53:49.487423
IBI,730,2022-10-18T18:53:49.495935
HR,75,2022-10-18T18:53:49.495935
IBI,720,2022-10-18T18:53:50.707501
HR,76,2022-10-18T18:53:50.711033
IBI,716,2022-10-18T18:53:51.516468
HR,76,2022-10-18T18:53:51.516468
IBI,720,2022-10-18T18:53:52.735528
HR,78,2022-10-18T18:53:52.736274
IBI,731,2022-10-18T18:53:52.736274
HR,78,2022-10-18T18:53:52.737270
IBI,724,2022-10-18T18:53:53.538126
HR,78,2022-10-18T18:53:53.546014
IBI,758,2022-10-18T18:53:54.758514
HR,79,2022-10-18T18:53:54.760923
IBI,805,2022-10-18T18:53:55.561539
HR,79,2022-10-18T18:53:55.570798
IBI,804,2022-10-18T18:53:56.380322
HR,78,2022-10-18T18:53:56.380800
IBI,810,2022-10-18T18:53:56.380800
HR,78,2022-10-18T18:53:56.380800
IBI,814,2022-10-18T18:53:57.585412
HR,78,2022-10-18T18:53:57.585412
IBI,803,2022-10-18T18:53:58.404001
HR,77,2022-10-18T18:53:58.405766
IBI,781,2022-10-18T18:53:59.608188
HR,77,2022-10-18T18:53:59.621326
IBI,777,2022-10-18T18:53:59.621326
HR,77,2022-10-18T18:53:59.621326
IBI,767,2022-10-18T18:54:00.426384
HR,77,2022-10-18T18:54:00.426384
IBI,750,2022-10-18T18:54:01.639269
HR,77,2022-10-18T18:54:01.639269
IBI,725,2022-10-18T18:54:02.450336
HR,77,2022-10-18T18:54:02.456212
IBI,731,2022-10-18T18:54:03.669394
HR,78,2022-10-18T18:54:03.670223
IBI,775,2022-10-18T18:54:03.670223
HR,78,2022-10-18T18:54:03.671222
IBI,839,2022-10-18T18:54:04.479606
HR,78,2022-10-18T18:54:04.480272
IBI,907,2022-10-18T18:54:06.499045
HR,78,2022-10-18T18:54:06.505889
IBI,1059,2022-10-18T18:54:07.705788
HR,77,2022-10-18T18:54:07.705788
IBI,1173,2022-10-18T18:54:08.931271
HR,73,2022-10-18T18:54:08.936571
IBI,1230,2022-10-18T18:54:09.733872
HR,69,2022-10-18T18:54:09.733872
IBI,1145,2022-10-18T18:54:10.552124
HR,67,2022-10-18T18:54:10.555410
IBI,1173,2022-10-18T18:54:11.756463
HR,65,2022-10-18T18:54:11.756463
IBI,1158,2022-10-18T18:54:13.377755
HR,64,2022-10-18T18:54:13.390995
IBI,1121,2022-10-18T18:54:14.597604
HR,62,2022-10-18T18:54:14.605908
IBI,1041,2022-10-18T18:54:14.605908
HR,62,2022-10-18T18:54:14.605908
IBI,999,2022-10-18T18:54:15.415050
HR,61,2022-10-18T18:54:15.416326
IBI,931,2022-10-18T18:54:16.618172
HR,61,2022-10-18T18:54:16.618172
IBI,829,2022-10-18T18:54:17.436195
HR,61,2022-10-18T18:54:17.436195
IBI,804,2022-10-18T18:54:18.648001
HR,62,2022-10-18T18:54:18.656232
IBI,774,2022-10-18T18:54:19.458408
HR,64,2022-10-18T18:54:19.458408
IBI,823,2022-10-18T18:54:19.465930
HR,64,2022-10-18T18:54:19.466438
IBI,916,2022-10-18T18:54:20.678667
HR,65,2022-10-18T18:54:20.678667
IBI,886,2022-10-18T18:54:22.297101
HR,66,2022-10-18T18:54:22.300718
IBI,936,2022-10-18T18:54:22.698615
HR,66,2022-10-18T18:54:22.705842
IBI,991,2022-10-18T18:54:23.514896
HR,66,2022-10-18T18:54:23.515858
IBI,968,2022-10-18T18:54:24.715918
HR,66,2022-10-18T18:54:24.715918
IBI,887,2022-10-18T18:54:25.532492
HR,65,2022-10-18T18:54:25.540780
IBI,841,2022-10-18T18:54:26.751629
HR,65,2022-10-18T18:54:26.751629
IBI,822,2022-10-18T18:54:27.553545
HR,66,2022-10-18T18:54:27.553545
IBI,803,2022-10-18T18:54:27.565905
HR,66,2022-10-18T18:54:27.565905
IBI,789,2022-10-18T18:54:29.174673
HR,67,2022-10-18T18:54:29.174673
IBI,820,2022-10-18T18:54:29.576192
HR,68,2022-10-18T18:54:29.590842
IBI,920,2022-10-18T18:54:30.393290
HR,68,2022-10-18T18:54:30.393290
IBI,993,2022-10-18T18:54:31.612726
HR,69,2022-10-18T18:54:31.615756
IBI,927,2022-10-18T18:54:32.414735
HR,68,2022-10-18T18:54:32.425928
IBI,916,2022-10-18T18:54:33.634652
HR,67,2022-10-18T18:54:33.634652
IBI,913,2022-10-18T18:54:34.443831
HR,67,2022-10-18T18:54:34.443831
IBI,856,2022-10-18T18:54:34.451158
HR,67,2022-10-18T18:54:34.451158
IBI,795,2022-10-18T18:54:35.663490
HR,67,2022-10-18T18:54:35.663490
IBI,790,2022-10-18T18:54:36.465019
HR,68,2022-10-18T18:54:36.465019
IBI,846,2022-10-18T18:54:37.683762
HR,69,2022-10-18T18:54:37.689928
IBI,794,2022-10-18T18:54:38.486326
HR,69,2022-10-18T18:54:38.499602
IBI,838,2022-10-18T18:54:39.705433
HR,70,2022-10-18T18:54:39.714607
IBI,850,2022-10-18T18:54:39.714607
HR,70,2022-10-18T18:54:39.714607
IBI,824,2022-10-18T18:54:40.522853
HR,70,2022-10-18T18:54:40.524524
IBI,798,2022-10-18T18:54:41.739818
HR,70,2022-10-18T18:54:41.741078
IBI,856,2022-10-18T18:54:42.541699
HR,71,2022-10-18T18:54:42.550827
IBI,868,2022-10-18T18:54:43.761811
HR,71,2022-10-18T18:54:43.766129
IBI,869,2022-10-18T18:54:44.571531
HR,71,2022-10-18T18:54:44.571531
IBI,890,2022-10-18T18:54:45.381801
HR,71,2022-10-18T18:54:45.385702
IBI,902,2022-10-18T18:54:46.599691
HR,70,2022-10-18T18:54:46.600705
IBI,935,2022-10-18T18:54:47.405276
HR,70,2022-10-18T18:54:47.410515
IBI,942,2022-10-18T18:54:48.609881
HR,69,2022-10-18T18:54:48.625424
IBI,975,2022-10-18T18:54:49.434661
HR,69,2022-10-18T18:54:49.435714
IBI,1000,2022-10-18T18:54:50.638993
HR,68,2022-10-18T18:54:50.638993
IBI,961,2022-10-18T18:54:51.457252
HR,67,2022-10-18T18:54:51.460603
IBI,972,2022-10-18T18:54:51.460603
HR,67,2022-10-18T18:54:51.461845
IBI,956,2022-10-18T18:54:52.661841
HR,66,2022-10-18T18:54:52.675154
IBI,913,2022-10-18T18:54:53.480280
HR,66,2022-10-18T18:54:53.480280
IBI,920,2022-10-18T18:54:54.699874
HR,66,2022-10-18T18:54:54.700658
IBI,937,2022-10-18T18:54:55.503244
HR,66,2022-10-18T18:54:55.510715
IBI,944,2022-10-18T18:54:56.722843
HR,66,2022-10-18T18:54:56.722843
IBI,924,2022-10-18T18:54:57.525441
HR,66,2022-10-18T18:54:57.534863
IBI,862,2022-10-18T18:54:58.745102
HR,65,2022-10-18T18:54:58.745102
IBI,840,2022-10-18T18:54:59.547633
HR,66,2022-10-18T18:54:59.560596
IBI,853,2022-10-18T18:54:59.560596
HR,66,2022-10-18T18:54:59.561592
IBI,851,2022-10-18T18:55:00.773700
HR,67,2022-10-18T18:55:00.775628
IBI,817,2022-10-18T18:55:01.575631
HR,67,2022-10-18T18:55:01.575631
IBI,795,2022-10-18T18:55:02.394312
HR,68,2022-10-18T18:55:02.395022
IBI,792,2022-10-18T18:55:02.395022
HR,68,2022-10-18T18:55:02.396020
IBI,769,2022-10-18T18:55:03.598555
HR,69,2022-10-18T18:55:03.610570
IBI,768,2022-10-18T18:55:04.416814
HR,70,2022-10-18T18:55:04.416814
IBI,785,2022-10-18T18:55:05.633359
HR,71,2022-10-18T18:55:05.635309
IBI,794,2022-10-18T18:55:06.443737
HR,71,2022-10-18T18:55:06.443737
IBI,825,2022-10-18T18:55:07.651777
HR,72,2022-10-18T18:55:07.651777
IBI,855,2022-10-18T18:55:07.660652
HR,72,2022-10-18T18:55:07.661168
IBI,872,2022-10-18T18:55:08.462316
HR,72,2022-10-18T18:55:08.470199
IBI,876,2022-10-18T18:55:09.683372
HR,72,2022-10-18T18:55:09.685664
IBI,920,2022-10-18T18:55:11.294558
HR,71,2022-10-18T18:55:11.305491
IBI,927,2022-10-18T18:55:11.695990
HR,71,2022-10-18T18:55:11.710440
IBI,907,2022-10-18T18:55:12.520157
HR,70,2022-10-18T18:55:12.520157
IBI,885,2022-10-18T18:55:13.733536
HR,70,2022-10-18T18:55:13.735404
IBI,908,2022-10-18T18:55:14.536721
HR,70,2022-10-18T18:55:14.536721
IBI,898,2022-10-18T18:55:15.757058
HR,69,2022-10-18T18:55:15.759929
IBI,912,2022-10-18T18:55:16.560064
HR,69,2022-10-18T18:55:16.570529
IBI,894,2022-10-18T18:55:16.570529
HR,69,2022-10-18T18:55:16.571526
IBI,847,2022-10-18T18:55:17.378282
HR,69,2022-10-18T18:55:17.380986
IBI,838,2022-10-18T18:55:18.583027
HR,69,2022-10-18T18:55:18.595789
IBI,884,2022-10-18T18:55:19.401428
HR,69,2022-10-18T18:55:19.405903
IBI,878,2022-10-18T18:55:20.611437
HR,69,2022-10-18T18:55:20.620831
IBI,881,2022-10-18T18:55:21.429023
HR,69,2022-10-18T18:55:21.429829
IBI,958,2022-10-18T18:55:22.632028
HR,69,2022-10-18T18:55:22.644423
IBI,959,2022-10-18T18:55:23.449179
HR,68,2022-10-18T18:55:23.454725
IBI,919,2022-10-18T18:55:24.666024
HR,68,2022-10-18T18:55:24.669604
IBI,932,2022-10-18T18:55:25.472153
HR,67,2022-10-18T18:55:25.479322
IBI,944,2022-10-18T18:55:26.692063
HR,67,2022-10-18T18:55:26.692063
IBI,902,2022-10-18T18:55:26.695339
HR,67,2022-10-18T18:55:26.695339
IBI,876,2022-10-18T18:55:27.501028
HR,67,2022-10-18T18:55:27.501028
IBI,875,2022-10-18T18:55:28.712190
HR,67,2022-10-18T18:55:28.720693
IBI,885,2022-10-18T18:55:29.522234
HR,67,2022-10-18T18:55:29.530369
IBI,861,2022-10-18T18:55:30.741503
HR,67,2022-10-18T18:55:30.741503
IBI,872,2022-10-18T18:55:31.550112
HR,67,2022-10-18T18:55:31.550112
IBI,874,2022-10-18T18:55:32.757718
HR,68,2022-10-18T18:55:32.757718
IBI,850,2022-10-18T18:55:32.769385
HR,68,2022-10-18T18:55:32.769385
IBI,851,2022-10-18T18:55:33.578940
HR,68,2022-10-18T18:55:33.580078
IBI,851,2022-10-18T18:55:34.386926
HR,68,2022-10-18T18:55:34.386926
IBI,858,2022-10-18T18:55:35.593150
HR,68,2022-10-18T18:55:35.605015
IBI,840,2022-10-18T18:55:36.411387
HR,69,2022-10-18T18:55:36.415194
IBI,852,2022-10-18T18:55:37.615942
HR,69,2022-10-18T18:55:37.630415
IBI,857,2022-10-18T18:55:38.438778
HR,69,2022-10-18T18:55:38.438778
IBI,880,2022-10-18T18:55:38.440085
HR,69,2022-10-18T18:55:38.440085
IBI,871,2022-10-18T18:55:39.642689
HR,69,2022-10-18T18:55:39.654879
IBI,854,2022-10-18T18:55:40.460840
HR,69,2022-10-18T18:55:40.465511
IBI,848,2022-10-18T18:55:41.679749
HR,69,2022-10-18T18:55:41.680456
IBI,821,2022-10-18T18:55:42.482425
HR,70,2022-10-18T18:55:42.490772
IBI,797,2022-10-18T18:55:42.490772
HR,70,2022-10-18T18:55:42.490772
IBI,788,2022-10-18T18:55:43.701921
HR,70,2022-10-18T18:55:43.705572
IBI,759,2022-10-18T18:55:44.504519
HR,71,2022-10-18T18:55:44.515488
IBI,762,2022-10-18T18:55:45.724519
HR,71,2022-10-18T18:55:45.724519
IBI,792,2022-10-18T18:55:46.533903
HR,73,2022-10-18T18:55:46.533903
IBI,773,2022-10-18T18:55:46.540159
HR,73,2022-10-18T18:55:46.540159
IBI,855,2022-10-18T18:55:47.753979
HR,73,2022-10-18T18:55:47.754875
IBI,799,2022-10-18T18:55:48.556571
HR,73,2022-10-18T18:55:48.556571
IBI,775,2022-10-18T18:55:49.359411
HR,73,2022-10-18T18:55:49.374491
IBI,837,2022-10-18T18:55:50.578876
HR,73,2022-10-18T18:55:50.590667
IBI,814,2022-10-18T18:55:50.590667
HR,73,2022-10-18T18:55:50.590667
IBI,789,2022-10-18T18:55:51.396788
HR,73,2022-10-18T18:55:51.396788
IBI,762,2022-10-18T18:55:52.601314
HR,74,2022-10-18T18:55:52.601314
IBI,769,2022-10-18T18:55:53.425359
HR,74,2022-10-18T18:55:53.425359
IBI,750,2022-10-18T18:55:53.426912
HR,74,2022-10-18T18:55:53.426912
IBI,757,2022-10-18T18:55:54.638484
HR,75,2022-10-18T18:55:54.638484
IBI,778,2022-10-18T18:55:55.448502
HR,75,2022-10-18T18:55:55.448502
IBI,779,2022-10-18T18:55:56.657282
HR,76,2022-10-18T18:55:56.665342
IBI,772,2022-10-18T18:55:57.467510
HR,76,2022-10-18T18:55:57.467510
IBI,762,2022-10-18T18:55:57.475453
HR,76,2022-10-18T18:55:57.475453
IBI,753,2022-10-18T18:55:58.688067
HR,76,2022-10-18T18:55:58.689611
IBI,749,2022-10-18T18:56:00.309416
HR,77,2022-10-18T18:56:00.309416
IBI,745,2022-10-18T18:56:00.710650
HR,77,2022-10-18T18:56:00.710650
IBI,748,2022-10-18T18:56:00.715336
HR,77,2022-10-18T18:56:00.716333
IBI,749,2022-10-18T18:56:01.513659
HR,78,2022-10-18T18:56:01.525301
IBI,761,2022-10-18T18:56:02.732439
HR,78,2022-10-18T18:56:02.740829
IBI,776,2022-10-18T18:56:03.535211
HR,78,2022-10-18T18:56:03.535211
IBI,767,2022-10-18T18:56:03.550590
HR,78,2022-10-18T18:56:03.550590
IBI,811,2022-10-18T18:56:04.754990
HR,78,2022-10-18T18:56:04.754990
IBI,831,2022-10-18T18:56:05.573583
HR,78,2022-10-18T18:56:05.575116
IBI,823,2022-10-18T18:56:06.376208
HR,77,2022-10-18T18:56:06.384858
IBI,788,2022-10-18T18:56:07.594821
HR,77,2022-10-18T18:56:07.600222
IBI,778,2022-10-18T18:56:07.600222
HR,77,2022-10-18T18:56:07.600222
IBI,808,2022-10-18T18:56:08.397057
HR,77,2022-10-18T18:56:08.409746
IBI,785,2022-10-18T18:56:09.622323
HR,77,2022-10-18T18:56:09.624667
IBI,798,2022-10-18T18:56:10.424749
HR,76,2022-10-18T18:56:10.424749
IBI,818,2022-10-18T18:56:11.645625
HR,76,2022-10-18T18:56:11.645625
IBI,835,2022-10-18T18:56:12.448181
HR,76,2022-10-18T18:56:12.448181
IBI,839,2022-10-18T18:56:12.459931
HR,76,2022-10-18T18:56:12.459931
IBI,843,2022-10-18T18:56:13.668556
HR,75,2022-10-18T18:56:13.668556
IBI,897,2022-10-18T18:56:14.471700
HR,75,2022-10-18T18:56:14.484909
IBI,927,2022-10-18T18:56:15.690642
HR,74,2022-10-18T18:56:15.690642
IBI,875,2022-10-18T18:56:16.510200
HR,74,2022-10-18T18:56:16.510200
IBI,810,2022-10-18T18:56:17.714540
HR,73,2022-10-18T18:56:17.714540
IBI,786,2022-10-18T18:56:17.714540
HR,73,2022-10-18T18:56:17.714540
IBI,758,2022-10-18T18:56:18.533463
HR,73,2022-10-18T18:56:18.535370
IBI,738,2022-10-18T18:56:19.738106
HR,73,2022-10-18T18:56:19.749986
IBI,723,2022-10-18T18:56:20.556751
HR,75,2022-10-18T18:56:20.556751
IBI,725,2022-10-18T18:56:20.559627
HR,75,2022-10-18T18:56:20.559627
IBI,722,2022-10-18T18:56:21.766975
HR,76,2022-10-18T18:56:21.775234
IBI,730,2022-10-18T18:56:22.570045
HR,76,2022-10-18T18:56:22.585003
IBI,746,2022-10-18T18:56:24.192059
HR,77,2022-10-18T18:56:24.192059
IBI,786,2022-10-18T18:56:24.609338
HR,78,2022-10-18T18:56:24.609338
IBI,855,2022-10-18T18:56:24.610108
HR,78,2022-10-18T18:56:24.610108
IBI,877,2022-10-18T18:56:25.412823
HR,77,2022-10-18T18:56:25.420028
IBI,876,2022-10-18T18:56:26.631584
HR,76,2022-10-18T18:56:26.635246
IBI,846,2022-10-18T18:56:27.434663
HR,76,2022-10-18T18:56:27.434663
IBI,828,2022-10-18T18:56:28.654777
HR,75,2022-10-18T18:56:28.660270
IBI,845,2022-10-18T18:56:29.466412
HR,74,2022-10-18T18:56:29.469944
IBI,810,2022-10-18T18:56:29.469944
HR,74,2022-10-18T18:56:29.469944
IBI,805,2022-10-18T18:56:30.677494
HR,74,2022-10-18T18:56:30.677494
IBI,840,2022-10-18T18:56:31.487365
HR,74,2022-10-18T18:56:31.495285
IBI,893,2022-10-18T18:56:32.707263
HR,74,2022-10-18T18:56:32.709575
IBI,886,2022-10-18T18:56:33.516138
HR,74,2022-10-18T18:56:33.519167
IBI,936,2022-10-18T18:56:34.727922
HR,73,2022-10-18T18:56:34.735080
IBI,977,2022-10-18T18:56:35.540477
HR,72,2022-10-18T18:56:35.540477
IBI,967,2022-10-18T18:56:36.759295
HR,71,2022-10-18T18:56:36.759918
IBI,941,2022-10-18T18:56:37.560999
HR,70,2022-10-18T18:56:37.569514
IBI,953,2022-10-18T18:56:38.379146
HR,70,2022-10-18T18:56:38.380229
IBI,903,2022-10-18T18:56:39.589573
HR,69,2022-10-18T18:56:39.594680
IBI,854,2022-10-18T18:56:39.594680
HR,69,2022-10-18T18:56:39.594680
IBI,855,2022-10-18T18:56:40.390996
HR,69,2022-10-18T18:56:40.404467
IBI,857,2022-10-18T18:56:41.611450
HR,69,2022-10-18T18:56:41.611450
IBI,868,2022-10-18T18:56:42.429476
HR,69,2022-10-18T18:56:42.430229
IBI,858,2022-10-18T18:56:43.633623
HR,69,2022-10-18T18:56:43.645104
IBI,836,2022-10-18T18:56:44.452061
HR,69,2022-10-18T18:56:44.454495
IBI,855,2022-10-18T18:56:45.656005
HR,69,2022-10-18T18:56:45.669748
IBI,847,2022-10-18T18:56:45.669748
HR,69,2022-10-18T18:56:45.670753
IBI,822,2022-10-18T18:56:46.473315
HR,69,2022-10-18T18:56:46.473315
IBI,808,2022-10-18T18:56:47.692757
HR,70,2022-10-18T18:56:47.694078
IBI,841,2022-10-18T18:56:49.311820
HR,70,2022-10-18T18:56:49.314386
IBI,901,2022-10-18T18:56:49.712448
HR,70,2022-10-18T18:56:49.712448
IBI,890,2022-10-18T18:56:50.520706
HR,70,2022-10-18T18:56:50.528634
IBI,944,2022-10-18T18:56:51.739274
HR,70,2022-10-18T18:56:51.744791
IBI,960,2022-10-18T18:56:52.542498
HR,69,2022-10-18T18:56:52.542498
IBI,941,2022-10-18T18:56:53.763079
HR,69,2022-10-18T18:56:53.769791
IBI,973,2022-10-18T18:56:54.572093
HR,68,2022-10-18T18:56:54.579807
IBI,979,2022-10-18T18:56:55.381007
HR,68,2022-10-18T18:56:55.381007
IBI,944,2022-10-18T18:56:56.600878
HR,67,2022-10-18T18:56:56.600878
IBI,964,2022-10-18T18:56:56.604578
HR,67,2022-10-18T18:56:56.604578
IBI,960,2022-10-18T18:56:57.411004
HR,66,2022-10-18T18:56:57.414512
IBI,910,2022-10-18T18:56:58.621890
HR,66,2022-10-18T18:56:58.621890
IBI,920,2022-10-18T18:56:59.437251
HR,66,2022-10-18T18:56:59.439699
IBI,925,2022-10-18T18:57:00.653787
HR,66,2022-10-18T18:57:00.653787
IBI,898,2022-10-18T18:57:01.457101
HR,66,2022-10-18T18:57:01.465214
IBI,880,2022-10-18T18:57:02.676976
HR,66,2022-10-18T18:57:02.676976
IBI,893,2022-10-18T18:57:03.479591
HR,66,2022-10-18T18:57:03.489904
IBI,879,2022-10-18T18:57:04.698573
HR,66,2022-10-18T18:57:04.704630
IBI,918,2022-10-18T18:57:05.500803
HR,66,2022-10-18T18:57:05.515173
IBI,883,2022-10-18T18:57:06.720341
HR,66,2022-10-18T18:57:06.720341
IBI,941,2022-10-18T18:57:06.729708
HR,66,2022-10-18T18:57:06.729708
IBI,880,2022-10-18T18:57:07.539063
HR,66,2022-10-18T18:57:07.539728
IBI,840,2022-10-18T18:57:08.742537
HR,66,2022-10-18T18:57:08.754650
IBI,791,2022-10-18T18:57:09.560841
HR,67,2022-10-18T18:57:09.560841
IBI,792,2022-10-18T18:57:10.369579
HR,68,2022-10-18T18:57:10.375058
IBI,793,2022-10-18T18:57:10.375058
HR,68,2022-10-18T18:57:10.376181
IBI,839,2022-10-18T18:57:11.574109
HR,69,2022-10-18T18:57:11.589211
IBI,898,2022-10-18T18:57:13.194606
HR,69,2022-10-18T18:57:13.194606
IBI,955,2022-10-18T18:57:13.611590
HR,69,2022-10-18T18:57:13.614471
IBI,980,2022-10-18T18:57:14.414588
HR,69,2022-10-18T18:57:14.424795
IBI,993,2022-10-18T18:57:15.634975
HR,68,2022-10-18T18:57:15.634975
IBI,972,2022-10-18T18:57:16.438125
HR,67,2022-10-18T18:57:16.450136
IBI,957,2022-10-18T18:57:17.663796
HR,67,2022-10-18T18:57:17.664800
IBI,933,2022-10-18T18:57:18.465470
HR,66,2022-10-18T18:57:18.465470
